{
    "metrics": {
        "http_req_receiving": {
            "avg": 0.2171010046558926,
            "min": 0.009368,
            "med": 0.022944,
            "max": 57.015117,
            "p(90)": 0.1305233000000001,
            "p(95)": 0.3592063499999998
        },
        "http_req_failed": {
            "passes": 0,
            "fails": 330764,
            "value": 0
        },
        "vus_max": {
            "value": 1000,
            "min": 1000,
            "max": 1000
        },
        "http_req_connecting": {
            "p(90)": 0,
            "p(95)": 0,
            "avg": 0.6898905247729507,
            "min": 0,
            "med": 0,
            "max": 7193.701039
        },
        "http_req_duration": {
            "avg": 60.13938859078686,
            "min": 0.086473,
            "med": 1.502986,
            "max": 39944.351362,
            "p(90)": 7.865596000000001,
            "p(95)": 13.33360449999999
        },
        "iterations": {
            "count": 330764,
            "rate": 8268.935348339173
        },
        "http_req_tls_handshaking": {
            "p(90)": 0,
            "p(95)": 0,
            "avg": 0,
            "min": 0,
            "med": 0,
            "max": 0
        },
        "latency": {
            "min": 0.086473,
            "med": 1.502986,
            "max": 39944.351362,
            "p(90)": 7.865596000000001,
            "p(95)": 13.33360449999999,
            "avg": 60.13938859078686
        },
        "data_sent": {
            "rate": 678245.3947268318,
            "count": 27130356
        },
        "http_req_duration{expected_response:true}": {
            "max": 39944.351362,
            "p(90)": 7.865596000000001,
            "p(95)": 13.33360449999999,
            "avg": 60.13938859078686,
            "min": 0.086473,
            "med": 1.502986
        },
        "http_req_waiting": {
            "med": 1.372696,
            "max": 39943.503522,
            "p(90)": 7.239403,
            "p(95)": 12.37340854999997,
            "avg": 59.87942070936686,
            "min": 0.067166
        },
        "data_received": {
            "count": 8345236387,
            "rate": 208626755.4833978
        },
        "vus": {
            "value": 97,
            "min": 97,
            "max": 1000
        },
        "http_req_sending": {
            "avg": 0.042866876764097894,
            "min": 0.002355,
            "med": 0.00564,
            "max": 74.244993,
            "p(90)": 0.010186300000000105,
            "p(95)": 0.015317499999999767
        },
        "checks": {
            "passes": 330764,
            "fails": 0,
            "value": 1
        },
        "http_reqs": {
            "count": 330764,
            "rate": 8268.935348339173
        },
        "iteration_duration": {
            "p(95)": 17.14828235,
            "avg": 61.63199739329859,
            "min": 0.117412,
            "med": 1.7421980000000001,
            "max": 39997.607996,
            "p(90)": 10.094098000000002
        },
        "http_req_blocked": {
            "max": 7193.736256,
            "p(90)": 0.002985,
            "p(95)": 0.004839,
            "avg": 0.7782192120847864,
            "min": 0.000812,
            "med": 0.001943
        }
    },
    "root_group": {
        "name": "",
        "path": "",
        "id": "d41d8cd98f00b204e9800998ecf8427e",
        "groups": {},
        "checks": {
                "status is 200": {
                    "name": "status is 200",
                    "path": "::status is 200",
                    "id": "6210a8cd14cd70477eba5c5e4cb3fb5f",
                    "passes": 330764,
                    "fails": 0
                }
            }
    }
}