{
    "root_group": {
        "groups": {},
        "checks": {
                "status is 200": {
                    "name": "status is 200",
                    "path": "::status is 200",
                    "id": "6210a8cd14cd70477eba5c5e4cb3fb5f",
                    "passes": 320317,
                    "fails": 0
                }
            },
        "name": "",
        "path": "",
        "id": "d41d8cd98f00b204e9800998ecf8427e"
    },
    "metrics": {
        "http_req_failed": {
            "fails": 320317,
            "passes": 0,
            "value": 0
        },
        "http_req_blocked": {
            "min": 0.000832,
            "med": 0.001894,
            "max": 38.878561,
            "p(90)": 0.002706,
            "p(95)": 0.003526,
            "avg": 0.015346297848693678
        },
        "http_req_connecting": {
            "max": 25.231647,
            "p(90)": 0,
            "p(95)": 0,
            "avg": 0.00491679952984075,
            "min": 0,
            "med": 0
        },
        "http_req_waiting": {
            "min": 0.071485,
            "med": 0.463444,
            "max": 321.832842,
            "p(90)": 2.8174770000000033,
            "p(95)": 4.973049000000002,
            "avg": 2.6296292877930063
        },
        "http_req_receiving": {
            "avg": 0.21549557754349874,
            "min": 0.009117,
            "med": 0.022853,
            "max": 45.829539,
            "p(90)": 0.12735800000000047,
            "p(95)": 0.37146300000000065
        },
        "data_received": {
            "count": 8081657190,
            "rate": 807775084.5427631
        },
        "vus": {
            "max": 100,
            "value": 100,
            "min": 100
        },
        "vus_max": {
            "value": 100,
            "min": 100,
            "max": 100
        },
        "latency": {
            "avg": 2.8815705033451278,
            "min": 0.094118,
            "med": 0.542634,
            "max": 322.305584,
            "p(90)": 3.309265400000007,
            "p(95)": 6.139504400000012
        },
        "checks": {
            "passes": 320317,
            "fails": 0,
            "value": 1
        },
        "http_req_duration": {
            "avg": 2.8815705033451278,
            "min": 0.094118,
            "med": 0.542634,
            "max": 322.305584,
            "p(90)": 3.309265400000007,
            "p(95)": 6.139504400000012
        },
        "iteration_duration": {
            "avg": 3.097055788584436,
            "min": 0.128753,
            "med": 0.632053,
            "max": 338.418663,
            "p(90)": 3.7796424,
            "p(95)": 7.18164920000001
        },
        "http_req_sending": {
            "p(90)": 0.009267,
            "p(95)": 0.013948800000000105,
            "avg": 0.03644563800859758,
            "min": 0.002164,
            "med": 0.00536,
            "max": 43.841477
        },
        "iterations": {
            "count": 320317,
            "rate": 32016.217178284478
        },
        "http_reqs": {
            "count": 320317,
            "rate": 32016.217178284478
        },
        "data_sent": {
            "count": 26265994,
            "rate": 2625329.8086193274
        },
        "http_req_duration{expected_response:true}": {
            "p(95)": 6.139504400000012,
            "avg": 2.8815705033451278,
            "min": 0.094118,
            "med": 0.542634,
            "max": 322.305584,
            "p(90)": 3.309265400000007
        },
        "http_req_tls_handshaking": {
            "p(90)": 0,
            "p(95)": 0,
            "avg": 0,
            "min": 0,
            "med": 0,
            "max": 0
        }
    }
}