{
    "root_group": {
        "name": "",
        "path": "",
        "id": "d41d8cd98f00b204e9800998ecf8427e",
        "groups": {},
        "checks": {
                "status is 200": {
                    "name": "status is 200",
                    "path": "::status is 200",
                    "id": "6210a8cd14cd70477eba5c5e4cb3fb5f",
                    "passes": 219862,
                    "fails": 0
                }
            }
    },
    "metrics": {
        "http_req_waiting": {
            "avg": 33.68513676202776,
            "min": 0.088467,
            "med": 20.643665,
            "max": 5250.288468,
            "p(90)": 46.85215379999999,
            "p(95)": 58.97518934999998
        },
        "iteration_duration": {
            "avg": 54.71512294082149,
            "min": 0.139383,
            "med": 29.4853405,
            "max": 6049.578975,
            "p(90)": 67.05502039999998,
            "p(95)": 87.32285939999997
        },
        "http_req_failed": {
            "passes": 0,
            "fails": 219862,
            "value": 0
        },
        "http_req_duration": {
            "max": 6049.528128,
            "p(90)": 59.21169159999999,
            "p(95)": 75.38744984999997,
            "avg": 43.5490414126407,
            "min": 0.107543,
            "med": 26.059866
        },
        "http_req_duration{expected_response:true}": {
            "p(90)": 59.21169159999999,
            "p(95)": 75.38744984999997,
            "avg": 43.5490414126407,
            "min": 0.107543,
            "med": 26.059866,
            "max": 6049.528128
        },
        "http_req_tls_handshaking": {
            "max": 0,
            "p(90)": 0,
            "p(95)": 0,
            "avg": 0,
            "min": 0,
            "med": 0
        },
        "latency": {
            "avg": 43.5490414126407,
            "min": 0.107543,
            "med": 26.059866,
            "max": 6049.528128,
            "p(90)": 59.21169159999999,
            "p(95)": 75.38744984999997
        },
        "data_received": {
            "count": 5547118374,
            "rate": 368868420.86481166
        },
        "checks": {
            "passes": 219862,
            "fails": 0,
            "value": 1
        },
        "vus": {
            "value": 411,
            "min": 411,
            "max": 1000
        },
        "http_reqs": {
            "count": 219862,
            "rate": 14620.230411578237
        },
        "vus_max": {
            "value": 1000,
            "min": 1000,
            "max": 1000
        },
        "http_req_connecting": {
            "min": 0,
            "med": 0,
            "max": 2067.594852,
            "p(90)": 3.5207779999999995,
            "p(95)": 8.905080449999987,
            "avg": 9.070094161201116
        },
        "http_req_receiving": {
            "max": 167.602903,
            "p(90)": 6.874612899999998,
            "p(95)": 12.473643,
            "avg": 2.2092289672157577,
            "min": 0.011421,
            "med": 0.037601
        },
        "iterations": {
            "count": 219862,
            "rate": 14620.230411578237
        },
        "http_req_sending": {
            "p(95)": 15.545802449999995,
            "avg": 7.65467568339658,
            "min": 0.002475,
            "med": 0.080913,
            "max": 2059.704423,
            "p(90)": 7.924831999999996
        },
        "http_req_blocked": {
            "avg": 14.72658774956991,
            "min": 0.000851,
            "med": 0.0977445,
            "max": 2104.401297,
            "p(90)": 6.0512758999999985,
            "p(95)": 13.635650899999982
        },
        "data_sent": {
            "count": 20622160,
            "rate": 1371318.0576199265
        }
    }
}