{
    "root_group": {
        "name": "",
        "path": "",
        "id": "d41d8cd98f00b204e9800998ecf8427e",
        "groups": {},
        "checks": {
                "status is 200": {
                    "fails": 13,
                    "name": "status is 200",
                    "path": "::status is 200",
                    "id": "6210a8cd14cd70477eba5c5e4cb3fb5f",
                    "passes": 196880
                }
            }
    },
    "metrics": {
        "data_sent": {
            "rate": 462094.70124838495,
            "count": 18492240
        },
        "http_req_connecting": {
            "avg": 121.66467928998469,
            "min": 0,
            "med": 0,
            "max": 19638.311444,
            "p(90)": 7.511172000000044,
            "p(95)": 93.82216819999995
        },
        "vus": {
            "value": 1354,
            "min": 1354,
            "max": 5000
        },
        "http_req_duration{expected_response:true}": {
            "min": 0.101301,
            "med": 34.460042,
            "max": 31700.446282,
            "p(90)": 90.95118400000005,
            "p(95)": 286.88280799999933,
            "avg": 256.5171086113525
        },
        "http_req_blocked": {
            "p(90)": 13.646215000000002,
            "p(95)": 1025.3054456,
            "avg": 161.62016638523045,
            "min": 0,
            "med": 0.007645,
            "max": 19638.337353
        },
        "iteration_duration": {
            "min": 0.150785,
            "med": 37.997311,
            "max": 31700.504131,
            "p(90)": 176.61806000000016,
            "p(95)": 1135.6304557999997,
            "avg": 383.0967324745273
        },
        "http_req_failed": {
            "passes": 13,
            "fails": 196880,
            "value": 0.00006602570939545845
        },
        "http_req_tls_handshaking": {
            "min": 0,
            "med": 0,
            "max": 0,
            "p(90)": 0,
            "p(95)": 0,
            "avg": 0
        },
        "http_req_receiving": {
            "med": 0.035147,
            "max": 108.855022,
            "p(90)": 3.1072010000000003,
            "p(95)": 7.226426399999997,
            "avg": 1.2658306876069794,
            "min": 0
        },
        "latency": {
            "avg": 256.5001718872844,
            "min": 0,
            "med": 34.458293,
            "max": 31700.446282,
            "p(90)": 90.94740380000005,
            "p(95)": 286.8384589999996
        },
        "iterations": {
            "count": 196893,
            "rate": 4920.075232254084
        },
        "http_req_duration": {
            "min": 0,
            "med": 34.458293,
            "max": 31700.446282,
            "p(90)": 90.94740380000005,
            "p(95)": 286.8384589999996,
            "avg": 256.5001718872844
        },
        "checks": {
            "passes": 196880,
            "fails": 13,
            "value": 0.9999339742906045
        },
        "vus_max": {
            "min": 5000,
            "max": 5000,
            "value": 5000
        },
        "http_req_sending": {
            "p(90)": 6.040836800000014,
            "p(95)": 12.504739,
            "avg": 41.65235310879969,
            "min": 0,
            "med": 0.014448,
            "max": 19364.204705
        },
        "http_reqs": {
            "count": 196893,
            "rate": 4920.075232254084
        },
        "http_req_waiting": {
            "med": 30.645439,
            "max": 30641.986791,
            "p(90)": 74.60695780000006,
            "p(95)": 249.25043199999993,
            "avg": 213.58198809087742,
            "min": 0
        },
        "data_received": {
            "count": 4967323360,
            "rate": 124126325.63947491
        }
    }
}