{
    "metrics": {
        "http_req_receiving": {
            "p(95)": 1.2319779999999916,
            "avg": 0.2566052371012198,
            "min": 0.010059,
            "med": 0.023464,
            "max": 25.56355,
            "p(90)": 0.21344260000000004
        },
        "data_sent": {
            "count": 25507680,
            "rate": 2549776.5334187513
        },
        "vus": {
            "value": 100,
            "min": 100,
            "max": 100
        },
        "http_reqs": {
            "count": 307025,
            "rate": 30690.56614215374
        },
        "data_received": {
            "count": 7746270295,
            "rate": 774325937.1181443
        },
        "http_req_tls_handshaking": {
            "p(95)": 0,
            "avg": 0,
            "min": 0,
            "med": 0,
            "max": 0,
            "p(90)": 0
        },
        "checks": {
            "passes": 307025,
            "fails": 0,
            "value": 1
        },
        "iteration_duration": {
            "max": 49.159577,
            "p(90)": 8.645139600000002,
            "p(95)": 12.8824972,
            "avg": 3.240171003690254,
            "min": 0.141527,
            "med": 1.598807
        },
        "http_req_connecting": {
            "min": 0,
            "med": 0,
            "max": 26.259193,
            "p(90)": 0,
            "p(95)": 0,
            "avg": 0.013908768966696575
        },
        "latency": {
            "max": 42.000668,
            "p(90)": 8.268042600000005,
            "p(95)": 12.614457799999995,
            "avg": 3.0743584148066074,
            "min": 0.109707,
            "med": 1.464634
        },
        "http_req_waiting": {
            "min": 0.077215,
            "med": 1.270538,
            "max": 32.558109,
            "p(90)": 7.161562000000001,
            "p(95)": 11.434221599999994,
            "avg": 2.700486612181405
        },
        "vus_max": {
            "value": 100,
            "min": 100,
            "max": 100
        },
        "http_req_duration": {
            "max": 42.000668,
            "p(90)": 8.268042600000005,
            "p(95)": 12.614457799999995,
            "avg": 3.074358414806607,
            "min": 0.109707,
            "med": 1.464634
        },
        "http_req_sending": {
            "min": 0.002244,
            "med": 0.005471,
            "max": 34.53031,
            "p(90)": 0.04803640000000031,
            "p(95)": 0.3308927999999987,
            "avg": 0.11726656552397664
        },
        "iterations": {
            "count": 307025,
            "rate": 30690.56614215374
        },
        "http_req_blocked": {
            "med": 0.001914,
            "max": 26.285251,
            "p(90)": 0.004619,
            "p(95)": 0.103626,
            "avg": 0.0415099837179371,
            "min": 0.000692
        },
        "http_req_failed": {
            "passes": 0,
            "fails": 307025,
            "value": 0
        },
        "http_req_duration{expected_response:true}": {
            "p(95)": 12.614457799999995,
            "avg": 3.074358414806607,
            "min": 0.109707,
            "med": 1.464634,
            "max": 42.000668,
            "p(90)": 8.268042600000005
        }
    },
    "root_group": {
        "path": "",
        "id": "d41d8cd98f00b204e9800998ecf8427e",
        "groups": {},
        "checks": {
                "status is 200": {
                    "name": "status is 200",
                    "path": "::status is 200",
                    "id": "6210a8cd14cd70477eba5c5e4cb3fb5f",
                    "passes": 307025,
                    "fails": 0
                }
            },
        "name": ""
    }
}