{
    "root_group": {
        "name": "",
        "path": "",
        "id": "d41d8cd98f00b204e9800998ecf8427e",
        "groups": {},
        "checks": {
                "status is 200": {
                    "fails": 1182,
                    "name": "status is 200",
                    "path": "::status is 200",
                    "id": "6210a8cd14cd70477eba5c5e4cb3fb5f",
                    "passes": 289152
                }
            }
    },
    "metrics": {
        "http_req_sending": {
            "max": 79.445662,
            "p(90)": 0.010309,
            "p(95)": 0.012964,
            "avg": 0.0495497978328414,
            "min": 0,
            "med": 0.0057
        },
        "http_req_tls_handshaking": {
            "p(95)": 0,
            "avg": 0,
            "min": 0,
            "med": 0,
            "max": 0,
            "p(90)": 0
        },
        "http_req_blocked": {
            "avg": 6.884134595011299,
            "min": 0,
            "med": 0.001973,
            "max": 19687.045538,
            "p(90)": 0.003176,
            "p(95)": 0.00523
        },
        "latency": {
            "avg": 61.94480236803871,
            "min": 0,
            "med": 1.662312,
            "max": 32749.216869,
            "p(90)": 9.881471800000021,
            "p(95)": 21.022439499999997
        },
        "iteration_duration": {
            "avg": 192.07554308339382,
            "min": 0.134704,
            "med": 1.991573,
            "max": 34860.878914,
            "p(90)": 14.9766653,
            "p(95)": 28.093855049999963
        },
        "iterations": {
            "count": 290334,
            "rate": 7252.245037464197
        },
        "http_req_connecting": {
            "min": 0,
            "med": 0,
            "max": 19687.001235,
            "p(90)": 0,
            "p(95)": 0,
            "avg": 6.654881100112282
        },
        "http_req_failed": {
            "fails": 289152,
            "passes": 1182,
            "value": 0.00407117320052078
        },
        "http_req_duration{expected_response:true}": {
            "p(95)": 21.108690800000026,
            "avg": 62.19802128542134,
            "min": 0.092264,
            "med": 1.673709,
            "max": 32749.216869,
            "p(90)": 9.920462699999991
        },
        "http_req_waiting": {
            "med": 1.5464985,
            "max": 32747.736116,
            "p(90)": 9.490648400000007,
            "p(95)": 20.354674649999897,
            "avg": 61.75777750232487,
            "min": 0
        },
        "http_req_duration": {
            "avg": 61.94480236803871,
            "min": 0,
            "med": 1.662312,
            "max": 32749.216869,
            "p(90)": 9.881471800000021,
            "p(95)": 21.022439499999997
        },
        "data_received": {
            "count": 7295357875,
            "rate": 182230544.63305742
        },
        "http_reqs": {
            "count": 290334,
            "rate": 7252.245037464197
        },
        "data_sent": {
            "rate": 598237.851507108,
            "count": 23949658
        },
        "vus": {
            "value": 2917,
            "min": 2917,
            "max": 5000
        },
        "http_req_receiving": {
            "p(95)": 0.25427699999999953,
            "avg": 0.1374750678804428,
            "min": 0,
            "med": 0.023675,
            "max": 181.220384,
            "p(90)": 0.111019
        },
        "vus_max": {
            "max": 5000,
            "value": 5000,
            "min": 5000
        },
        "checks": {
            "fails": 1182,
            "passes": 289152,
            "value": 0.9959288267994792
        }
    }
}