{
    "metrics": {
        "data_received": {
            "count": 7686212633,
            "rate": 765516345.690137
        },
        "http_req_duration": {
            "avg": 79.63394603497636,
            "min": 0.088678,
            "med": 71.046159,
            "max": 311.949403,
            "p(90)": 154.70402479999998,
            "p(95)": 180.40928679999996
        },
        "iterations": {
            "count": 304513,
            "rate": 30328.289120484016
        },
        "http_req_receiving": {
            "avg": 2.3681400748933896,
            "min": 0.01086,
            "med": 0.022322,
            "max": 208.950273,
            "p(90)": 0.242989,
            "p(95)": 11.251377199999954
        },
        "http_req_connecting": {
            "min": 0,
            "med": 0,
            "max": 276.842121,
            "p(90)": 0,
            "p(95)": 0,
            "avg": 1.6700781552544628
        },
        "http_req_tls_handshaking": {
            "max": 0,
            "p(90)": 0,
            "p(95)": 0,
            "avg": 0,
            "min": 0,
            "med": 0
        },
        "http_req_failed": {
            "passes": 0,
            "fails": 304513,
            "value": 0
        },
        "http_req_sending": {
            "max": 126.624709,
            "p(90)": 0.060682199999999895,
            "p(95)": 0.16194999999999965,
            "avg": 0.6169297368125736,
            "min": 0.003236,
            "med": 0.006342
        },
        "data_sent": {
            "count": 22229449,
            "rate": 2213965.105795333
        },
        "vus": {
            "value": 5000,
            "min": 5000,
            "max": 5000
        },
        "http_req_waiting": {
            "avg": 76.6488762232709,
            "min": 0.05308,
            "med": 69.897381,
            "max": 244.288345,
            "p(90)": 149.68552559999998,
            "p(95)": 167.8994224
        },
        "http_req_blocked": {
            "avg": 2.1597132002207418,
            "min": 0.000801,
            "med": 0.002374,
            "max": 334.740007,
            "p(90)": 0.003436,
            "p(95)": 0.004298
        },
        "latency": {
            "p(90)": 154.70402479999998,
            "p(95)": 180.40928679999996,
            "avg": 79.63394603497638,
            "min": 0.088678,
            "med": 71.046159,
            "max": 311.949403
        },
        "vus_max": {
            "min": 5000,
            "max": 5000,
            "value": 5000
        },
        "http_reqs": {
            "count": 304513,
            "rate": 30328.289120484016
        },
        "http_req_duration{expected_response:true}": {
            "avg": 79.63394603497636,
            "min": 0.088678,
            "med": 71.046159,
            "max": 311.949403,
            "p(90)": 154.70402479999998,
            "p(95)": 180.40928679999996
        },
        "iteration_duration": {
            "avg": 135.07146105270422,
            "min": 5.291275,
            "med": 117.577553,
            "max": 584.551065,
            "p(90)": 217.67270159999998,
            "p(95)": 239.77052039999992
        },
        "checks": {
            "fails": 0,
            "passes": 304513,
            "value": 1
        }
    },
    "root_group": {
        "checks": {
            "status is 200": {
                "name": "status is 200",
                "path": "::status is 200",
                "id": "6210a8cd14cd70477eba5c5e4cb3fb5f",
                "passes": 304513,
                "fails": 0
            }
        },
        "name": "",
        "path": "",
        "id": "d41d8cd98f00b204e9800998ecf8427e",
        "groups": {}
    }
}