{
    "root_group": {
        "name": "",
        "path": "",
        "id": "d41d8cd98f00b204e9800998ecf8427e",
        "groups": {},
        "checks": {
                "status is 200": {
                    "name": "status is 200",
                    "path": "::status is 200",
                    "id": "6210a8cd14cd70477eba5c5e4cb3fb5f",
                    "passes": 371515,
                    "fails": 0
                }
            }
    },
    "metrics": {
        "http_req_tls_handshaking": {
            "p(95)": 0,
            "avg": 0,
            "min": 0,
            "med": 0,
            "max": 0,
            "p(90)": 0
        },
        "data_received": {
            "count": 9377408615,
            "rate": 937441708.476781
        },
        "checks": {
            "passes": 371515,
            "fails": 0,
            "value": 1
        },
        "http_req_blocked": {
            "p(90)": 0.002605,
            "p(95)": 0.003086,
            "avg": 0.009463280440897968,
            "min": 0.000831,
            "med": 0.001853,
            "max": 36.928304
        },
        "http_req_sending": {
            "avg": 0.050468170351129105,
            "min": 0.002234,
            "med": 0.00522,
            "max": 34.125042,
            "p(90)": 0.009337,
            "p(95)": 0.024516
        },
        "http_req_failed": {
            "passes": 0,
            "fails": 371515,
            "value": 0
        },
        "http_req_receiving": {
            "min": 0.01069,
            "med": 0.024095,
            "max": 56.080228,
            "p(90)": 0.239472,
            "p(95)": 2.8427459999999933,
            "avg": 0.44087211378813046
        },
        "vus_max": {
            "value": 100,
            "min": 100,
            "max": 100
        },
        "http_req_duration": {
            "avg": 2.341221229681227,
            "min": 0.077406,
            "med": 1.233378,
            "max": 71.252441,
            "p(90)": 5.573787000000001,
            "p(95)": 8.306236
        },
        "iteration_duration": {
            "p(95)": 9.490969,
            "avg": 2.6617123487961667,
            "min": 0.112742,
            "med": 1.409831,
            "max": 71.295893,
            "p(90)": 6.414265600000001
        },
        "http_reqs": {
            "count": 371515,
            "rate": 37139.648129191744
        },
        "http_req_duration{expected_response:true}": {
            "p(95)": 8.306236,
            "avg": 2.341221229681227,
            "min": 0.077406,
            "med": 1.233378,
            "max": 71.252441,
            "p(90)": 5.573787000000001
        },
        "http_req_waiting": {
            "p(90)": 4.498877,
            "p(95)": 6.346758,
            "avg": 1.8498809455418788,
            "min": 0.045536,
            "med": 1.037207,
            "max": 36.577771
        },
        "latency": {
            "avg": 2.3412212296812274,
            "min": 0.077406,
            "med": 1.233378,
            "max": 71.252441,
            "p(90)": 5.573787000000001,
            "p(95)": 8.306236
        },
        "http_req_connecting": {
            "avg": 0.001074975462632733,
            "min": 0,
            "med": 0,
            "max": 33.855524,
            "p(90)": 0,
            "p(95)": 0
        },
        "data_sent": {
            "rate": 2711194.3134309975,
            "count": 27120595
        },
        "iterations": {
            "count": 371515,
            "rate": 37139.648129191744
        },
        "vus": {
            "value": 100,
            "min": 100,
            "max": 100
        }
    }
}