{
    "root_group": {
        "name": "",
        "path": "",
        "id": "d41d8cd98f00b204e9800998ecf8427e",
        "groups": {},
        "checks": {
                "status is 200": {
                    "name": "status is 200",
                    "path": "::status is 200",
                    "id": "6210a8cd14cd70477eba5c5e4cb3fb5f",
                    "passes": 328803,
                    "fails": 0
                }
            }
    },
    "metrics": {
        "http_req_tls_handshaking": {
            "min": 0,
            "med": 0,
            "max": 0,
            "p(90)": 0,
            "p(95)": 0,
            "avg": 0
        },
        "http_req_duration{expected_response:true}": {
            "avg": 14.943099974477258,
            "min": 0.093296,
            "med": 10.026613,
            "max": 268.874237,
            "p(90)": 30.8459878,
            "p(95)": 45.757111799999954
        },
        "iteration_duration": {
            "p(90)": 55.33663119999997,
            "p(95)": 77.15290679999998,
            "avg": 28.473610682852627,
            "min": 0.136357,
            "med": 21.793549,
            "max": 353.489744
        },
        "http_req_blocked": {
            "p(95)": 0.003577,
            "avg": 0.1273378921968721,
            "min": 0.000812,
            "med": 0.002114,
            "max": 121.147433,
            "p(90)": 0.003026
        },
        "data_sent": {
            "count": 24002619,
            "rate": 2375701.0332120755
        },
        "http_req_duration": {
            "avg": 14.943099974477258,
            "min": 0.093296,
            "med": 10.026613,
            "max": 268.874237,
            "p(90)": 30.8459878,
            "p(95)": 45.757111799999954
        },
        "http_req_waiting": {
            "max": 138.646918,
            "p(90)": 24.123938999999996,
            "p(95)": 30.819672699999963,
            "avg": 11.840406453219751,
            "min": 0.04784,
            "med": 9.172851
        },
        "checks": {
            "passes": 328803,
            "fails": 0,
            "value": 1
        },
        "vus_max": {
            "value": 1000,
            "min": 1000,
            "max": 1000
        },
        "http_req_receiving": {
            "avg": 2.097756008421439,
            "min": 0.009979,
            "med": 0.023103,
            "max": 170.944641,
            "p(90)": 1.5160189999999982,
            "p(95)": 10.661883999999993
        },
        "http_req_sending": {
            "p(90)": 0.065925,
            "p(95)": 0.3485939999999951,
            "avg": 1.0049375128360445,
            "min": 0.002504,
            "med": 0.006022,
            "max": 211.738599
        },
        "vus": {
            "value": 1000,
            "min": 1000,
            "max": 1000
        },
        "http_req_connecting": {
            "p(90)": 0,
            "p(95)": 0,
            "avg": 0.09711814370915119,
            "min": 0,
            "med": 0,
            "max": 100.388737
        },
        "http_req_failed": {
            "passes": 0,
            "fails": 328803,
            "value": 0
        },
        "latency": {
            "min": 0.093296,
            "med": 10.026613,
            "max": 268.874237,
            "p(90)": 30.8459878,
            "p(95)": 45.757111799999954,
            "avg": 14.943099974477223
        },
        "iterations": {
            "count": 328803,
            "rate": 32543.849770028428
        },
        "data_received": {
            "count": 8299316523,
            "rate": 821439312.0452876
        },
        "http_reqs": {
            "rate": 32543.849770028428,
            "count": 328803
        }
    }
}