{
    "root_group": {
        "id": "d41d8cd98f00b204e9800998ecf8427e",
        "groups": {},
        "checks": {
                "status is 200": {
                    "name": "status is 200",
                    "path": "::status is 200",
                    "id": "6210a8cd14cd70477eba5c5e4cb3fb5f",
                    "passes": 271845,
                    "fails": 1373
                }
            },
        "name": "",
        "path": ""
    },
    "metrics": {
        "http_req_duration{expected_response:true}": {
            "med": 1.754763,
            "max": 32492.297917,
            "p(90)": 10.648864600000003,
            "p(95)": 21.588520799999998,
            "avg": 64.92774450284534,
            "min": 0.097624
        },
        "http_req_waiting": {
            "med": 1.6146245000000001,
            "max": 32477.617303,
            "p(90)": 10.20729630000001,
            "p(95)": 20.727891949999993,
            "avg": 64.26848416896023,
            "min": 0
        },
        "checks": {
            "passes": 271845,
            "fails": 1373,
            "value": 0.9949747088405596
        },
        "data_received": {
            "count": 6858698807,
            "rate": 171339917.90364978
        },
        "http_req_sending": {
            "max": 163.634455,
            "p(90)": 0.010179,
            "p(95)": 0.012664,
            "avg": 0.17407565539970904,
            "min": 0,
            "med": 0.00569
        },
        "latency": {
            "min": 0,
            "med": 1.740481,
            "max": 32492.297917,
            "p(90)": 10.597551000000008,
            "p(95)": 21.476904499999996,
            "avg": 64.60146368239278
        },
        "iterations": {
            "count": 273218,
            "rate": 6825.3689230414675
        },
        "http_req_connecting": {
            "p(95)": 0,
            "avg": 11.588362655077631,
            "min": 0,
            "med": 0,
            "max": 19739.451184,
            "p(90)": 0
        },
        "http_req_failed": {
            "passes": 1373,
            "fails": 271845,
            "value": 0.005025291159440446
        },
        "data_sent": {
            "rate": 562449.789934626,
            "count": 22514740
        },
        "http_reqs": {
            "count": 273218,
            "rate": 6825.3689230414675
        },
        "vus": {
            "value": 2743,
            "min": 2743,
            "max": 5000
        },
        "vus_max": {
            "value": 5000,
            "min": 5000,
            "max": 5000
        },
        "http_req_blocked": {
            "med": 0.001993,
            "max": 19739.478094,
            "p(90)": 0.003156,
            "p(95)": 0.00526,
            "avg": 11.598000339183221,
            "min": 0
        },
        "http_req_receiving": {
            "p(90)": 0.11249470000000016,
            "p(95)": 0.2662114999999996,
            "avg": 0.15890385803278187,
            "min": 0,
            "med": 0.023875,
            "max": 160.742212
        },
        "http_req_tls_handshaking": {
            "p(95)": 0,
            "avg": 0,
            "min": 0,
            "med": 0,
            "max": 0,
            "p(90)": 0
        },
        "http_req_duration": {
            "max": 32492.297917,
            "p(90)": 10.597551000000008,
            "p(95)": 21.476904499999996,
            "avg": 64.60146368239279,
            "min": 0,
            "med": 1.740481
        },
        "iteration_duration": {
            "med": 2.092213,
            "max": 34578.483169,
            "p(90)": 16.055284300000007,
            "p(95)": 29.428055299999993,
            "avg": 228.07972410638328,
            "min": 0.130646
        }
    }
}