{
    "root_group": {
        "id": "d41d8cd98f00b204e9800998ecf8427e",
        "groups": {},
        "checks": {
                "status is 200": {
                    "passes": 187030,
                    "fails": 1403,
                    "name": "status is 200",
                    "path": "::status is 200",
                    "id": "6210a8cd14cd70477eba5c5e4cb3fb5f"
                }
            },
        "name": "",
        "path": ""
    },
    "metrics": {
        "http_reqs": {
            "count": 188433,
            "rate": 4705.5972267663765
        },
        "http_req_duration{expected_response:true}": {
            "p(95)": 499.2406132499994,
            "avg": 312.50227338614553,
            "min": 0.107112,
            "med": 35.6015165,
            "max": 33867.950394,
            "p(90)": 130.46582140000027
        },
        "http_req_waiting": {
            "avg": 301.31113176071057,
            "min": 0,
            "med": 31.412876,
            "max": 33852.407383,
            "p(90)": 107.27536720000013,
            "p(95)": 425.30380359999816
        },
        "latency": {
            "p(95)": 533.8480313999999,
            "avg": 359.37945063562023,
            "min": 0,
            "med": 35.413528,
            "max": 33867.950394,
            "p(90)": 133.04306420000012
        },
        "iterations": {
            "count": 188433,
            "rate": 4705.5972267663765
        },
        "vus_max": {
            "max": 10000,
            "value": 10000,
            "min": 10000
        },
        "data_sent": {
            "rate": 445129.4748967622,
            "count": 17824960
        },
        "vus": {
            "value": 5384,
            "min": 5384,
            "max": 10000
        },
        "http_req_receiving": {
            "p(90)": 3.145168800000007,
            "p(95)": 7.7037707999999965,
            "avg": 1.2920522311219136,
            "min": 0,
            "med": 0.039364,
            "max": 311.06556
        },
        "http_req_duration": {
            "avg": 359.37945063562006,
            "min": 0,
            "med": 35.413528,
            "max": 33867.950394,
            "p(90)": 133.04306420000012,
            "p(95)": 533.8480313999999
        },
        "http_req_blocked": {
            "p(95)": 1091.2279039999992,
            "avg": 211.79500683622592,
            "min": 0,
            "med": 0.007745,
            "max": 19707.37973,
            "p(90)": 26.502921400000165
        },
        "http_req_failed": {
            "passes": 1403,
            "fails": 187030,
            "value": 0.00744561727510574
        },
        "http_req_tls_handshaking": {
            "max": 0,
            "p(90)": 0,
            "p(95)": 0,
            "avg": 0,
            "min": 0,
            "med": 0
        },
        "data_received": {
            "count": 4718775092,
            "rate": 117838462.40652886
        },
        "checks": {
            "passes": 187030,
            "fails": 1403,
            "value": 0.9925543827248943
        },
        "http_req_connecting": {
            "avg": 153.59872314762904,
            "min": 0,
            "med": 0,
            "max": 19707.35337,
            "p(90)": 12.595627800000068,
            "p(95)": 1024.8901474
        },
        "http_req_sending": {
            "p(90)": 7.0858216000000125,
            "p(95)": 15.401822999999972,
            "avg": 56.77626664378835,
            "min": 0,
            "med": 0.014518,
            "max": 19635.939132
        },
        "iteration_duration": {
            "med": 39.263165,
            "max": 35040.806915,
            "p(90)": 487.6402654000024,
            "p(95)": 2135.8999481999995,
            "avg": 693.7144411368134,
            "min": 0.149632
        }
    }
}