{
    "root_group": {
        "id": "d41d8cd98f00b204e9800998ecf8427e",
        "groups": {},
        "checks": {
                "status is 200": {
                    "passes": 305862,
                    "fails": 340,
                    "name": "status is 200",
                    "path": "::status is 200",
                    "id": "6210a8cd14cd70477eba5c5e4cb3fb5f"
                }
            },
        "name": "",
        "path": ""
    },
    "metrics": {
        "http_req_receiving": {
            "p(90)": 0.112261,
            "p(95)": 0.24784450000000036,
            "avg": 0.12602292559487147,
            "min": 0,
            "med": 0.024416,
            "max": 124.208281
        },
        "http_req_failed": {
            "passes": 340,
            "fails": 305862,
            "value": 0.0011103781164068165
        },
        "http_req_duration{expected_response:true}": {
            "med": 1.653197,
            "max": 39836.691232,
            "p(90)": 9.518015000000002,
            "p(95)": 19.078955650000047,
            "avg": 63.267145135397776,
            "min": 0.093706
        },
        "vus": {
            "value": 8758,
            "min": 8758,
            "max": 10000
        },
        "http_req_tls_handshaking": {
            "max": 0,
            "p(90)": 0,
            "p(95)": 0,
            "avg": 0,
            "min": 0,
            "med": 0
        },
        "data_sent": {
            "count": 25795560,
            "rate": 643553.8173987801
        },
        "data_received": {
            "count": 7717847147,
            "rate": 192546701.58554938
        },
        "http_req_connecting": {
            "p(95)": 0,
            "avg": 9.535207379827698,
            "min": 0,
            "med": 0,
            "max": 19734.827702,
            "p(90)": 0
        },
        "latency": {
            "min": 0,
            "med": 1.650221,
            "max": 39836.691232,
            "p(90)": 9.509659000000003,
            "p(95)": 19.04759090000001,
            "avg": 63.196894681951896
        },
        "http_req_waiting": {
            "min": 0,
            "med": 1.54066,
            "max": 39833.726902,
            "p(90)": 9.212254800000023,
            "p(95)": 18.404209150000046,
            "avg": 63.01820463002528
        },
        "http_req_blocked": {
            "med": 0.001984,
            "max": 19734.856555,
            "p(90)": 0.003227,
            "p(95)": 0.005761,
            "avg": 9.54272336103266,
            "min": 0
        },
        "checks": {
            "passes": 305862,
            "fails": 340,
            "value": 0.9988896218835932
        },
        "iteration_duration": {
            "avg": 106.91455937293337,
            "min": 0.132219,
            "med": 1.955301,
            "max": 40079.201074,
            "p(90)": 13.179010600000046,
            "p(95)": 24.714278500000002
        },
        "vus_max": {
            "min": 10000,
            "max": 10000,
            "value": 10000
        },
        "http_req_sending": {
            "avg": 0.05266712633163692,
            "min": 0,
            "med": 0.005731,
            "max": 33.2607,
            "p(90)": 0.01062,
            "p(95)": 0.013325
        },
        "http_req_duration": {
            "max": 39836.691232,
            "p(90)": 9.509659000000003,
            "p(95)": 19.04759090000001,
            "avg": 63.196894681951896,
            "min": 0,
            "med": 1.650221
        },
        "iterations": {
            "count": 306202,
            "rate": 7639.200932065103
        },
        "http_reqs": {
            "count": 306202,
            "rate": 7639.200932065103
        }
    }
}