{
    "root_group": {
        "name": "",
        "path": "",
        "id": "d41d8cd98f00b204e9800998ecf8427e",
        "groups": {},
        "checks": {
                "status is 200": {
                    "path": "::status is 200",
                    "id": "6210a8cd14cd70477eba5c5e4cb3fb5f",
                    "passes": 349347,
                    "fails": 0,
                    "name": "status is 200"
                }
            }
    },
    "metrics": {
        "checks": {
            "passes": 349347,
            "fails": 0,
            "value": 1
        },
        "vus_max": {
            "value": 1000,
            "min": 1000,
            "max": 1000
        },
        "http_req_duration{expected_response:true}": {
            "avg": 58.16324647139128,
            "min": 0.096662,
            "med": 1.589722,
            "max": 39927.647111,
            "p(90)": 7.786390400000021,
            "p(95)": 15.638097000000004
        },
        "latency": {
            "p(90)": 7.786390400000021,
            "p(95)": 15.638097000000004,
            "avg": 58.16324647139126,
            "min": 0.096662,
            "med": 1.589722,
            "max": 39927.647111
        },
        "data_sent": {
            "count": 28652932,
            "rate": 716297.8970323052
        },
        "data_received": {
            "count": 8814139395,
            "rate": 220345670.48105565
        },
        "iterations": {
            "rate": 8733.365277750449,
            "count": 349347
        },
        "http_reqs": {
            "count": 349347,
            "rate": 8733.365277750449
        },
        "http_req_tls_handshaking": {
            "min": 0,
            "med": 0,
            "max": 0,
            "p(90)": 0,
            "p(95)": 0,
            "avg": 0
        },
        "http_req_blocked": {
            "min": 0.000741,
            "med": 0.001954,
            "max": 7207.95697,
            "p(90)": 0.002936,
            "p(95)": 0.004719,
            "avg": 1.4625943779995676
        },
        "iteration_duration": {
            "med": 1.83829,
            "max": 39933.892005,
            "p(90)": 10.104756,
            "p(95)": 19.256132400000013,
            "avg": 60.2904506571461,
            "min": 0.132168
        },
        "vus": {
            "value": 100,
            "min": 100,
            "max": 1000
        },
        "http_req_duration": {
            "avg": 58.16324647139128,
            "min": 0.096662,
            "med": 1.589722,
            "max": 39927.647111,
            "p(90)": 7.786390400000021,
            "p(95)": 15.638097000000004
        },
        "http_req_connecting": {
            "avg": 1.4521305902612602,
            "min": 0,
            "med": 0,
            "max": 7207.920751,
            "p(90)": 0,
            "p(95)": 0
        },
        "http_req_waiting": {
            "min": 0.071785,
            "med": 1.474014,
            "max": 39925.868262,
            "p(90)": 7.154042000000001,
            "p(95)": 14.357843,
            "avg": 57.92197852995464
        },
        "http_req_failed": {
            "passes": 0,
            "fails": 349347,
            "value": 0
        },
        "http_req_receiving": {
            "avg": 0.200443569347959,
            "min": 0.010019,
            "med": 0.022914,
            "max": 99.73028,
            "p(90)": 0.12478900000000023,
            "p(95)": 0.30778000000000033
        },
        "http_req_sending": {
            "avg": 0.0408243720884969,
            "min": 0.002245,
            "med": 0.005651,
            "max": 72.310088,
            "p(90)": 0.010009,
            "p(95)": 0.015499
        }
    }
}