{
    "root_group": {
        "name": "",
        "path": "",
        "id": "d41d8cd98f00b204e9800998ecf8427e",
        "groups": {},
        "checks": {
                "status is 200": {
                    "name": "status is 200",
                    "path": "::status is 200",
                    "id": "6210a8cd14cd70477eba5c5e4cb3fb5f",
                    "passes": 293461,
                    "fails": 0
                }
            }
    },
    "metrics": {
        "http_req_duration": {
            "avg": 3.211152603773635,
            "min": 0.107403,
            "med": 1.558314,
            "max": 55.227854,
            "p(90)": 8.526311,
            "p(95)": 12.886528
        },
        "vus": {
            "value": 100,
            "min": 100,
            "max": 100
        },
        "http_req_sending": {
            "avg": 0.1460182090397052,
            "min": 0.002205,
            "med": 0.00556,
            "max": 30.312562,
            "p(90)": 0.083898,
            "p(95)": 0.587676
        },
        "iterations": {
            "count": 293461,
            "rate": 29316.72716355233
        },
        "http_req_duration{expected_response:true}": {
            "avg": 3.211152603773635,
            "min": 0.107403,
            "med": 1.558314,
            "max": 55.227854,
            "p(90)": 8.526311,
            "p(95)": 12.886528
        },
        "latency": {
            "med": 1.558314,
            "max": 55.227854,
            "p(90)": 8.526311,
            "p(95)": 12.886528,
            "avg": 3.211152603773635,
            "min": 0.107403
        },
        "http_req_waiting": {
            "avg": 2.798887628962628,
            "min": 0.08516,
            "med": 1.341395,
            "max": 48.754469,
            "p(90)": 7.246632,
            "p(95)": 11.588915
        },
        "http_req_connecting": {
            "min": 0,
            "med": 0,
            "max": 18.465601,
            "p(90)": 0,
            "p(95)": 0,
            "avg": 0.017593709286753616
        },
        "checks": {
            "passes": 293461,
            "fails": 0,
            "value": 1
        },
        "http_req_tls_handshaking": {
            "med": 0,
            "max": 0,
            "p(90)": 0,
            "p(95)": 0,
            "avg": 0,
            "min": 0
        },
        "http_req_failed": {
            "passes": 0,
            "fails": 293461,
            "value": 0
        },
        "vus_max": {
            "value": 100,
            "min": 100,
            "max": 100
        },
        "http_req_receiving": {
            "avg": 0.26624676577126094,
            "min": 0.011972,
            "med": 0.023925,
            "max": 20.582897,
            "p(90)": 0.244932,
            "p(95)": 1.258139
        },
        "iteration_duration": {
            "min": 0.148499,
            "med": 1.708316,
            "max": 55.272418,
            "p(90)": 8.922948,
            "p(95)": 13.17457,
            "avg": 3.3909120495910154
        },
        "http_reqs": {
            "rate": 29316.72716355233,
            "count": 293461
        },
        "http_req_blocked": {
            "p(95)": 0.127349,
            "avg": 0.053746581351525734,
            "min": 0.000732,
            "med": 0.001943,
            "max": 28.695529,
            "p(90)": 0.085801
        },
        "data_sent": {
            "count": 24709360,
            "rate": 2468462.8127962262
        },
        "data_received": {
            "count": 7404049093,
            "rate": 739663829.8275685
        }
    }
}