{
    "root_group": {
        "name": "",
        "path": "",
        "id": "d41d8cd98f00b204e9800998ecf8427e",
        "groups": {},
        "checks": {
                "status is 200": {
                    "fails": 0,
                    "name": "status is 200",
                    "path": "::status is 200",
                    "id": "6210a8cd14cd70477eba5c5e4cb3fb5f",
                    "passes": 326609
                }
            }
    },
    "metrics": {
        "http_req_duration": {
            "p(90)": 3.1264082,
            "p(95)": 5.347925599999993,
            "avg": 2.8871747906396026,
            "min": 0.089979,
            "med": 0.492838,
            "max": 421.527717
        },
        "http_req_duration{expected_response:true}": {
            "avg": 2.8871747906396026,
            "min": 0.089979,
            "med": 0.492838,
            "max": 421.527717,
            "p(90)": 3.1264082,
            "p(95)": 5.347925599999993
        },
        "data_sent": {
            "count": 26781938,
            "rate": 2677456.4657059894
        },
        "vus_max": {
            "value": 100,
            "min": 100,
            "max": 100
        },
        "checks": {
            "passes": 326609,
            "fails": 0,
            "value": 1
        },
        "vus": {
            "value": 100,
            "min": 100,
            "max": 100
        },
        "data_received": {
            "count": 8240405642,
            "rate": 823813697.3587577
        },
        "latency": {
            "p(90)": 3.1264082,
            "p(95)": 5.347925599999993,
            "avg": 2.8871747906396026,
            "min": 0.089979,
            "med": 0.492838,
            "max": 421.527717
        },
        "iterations": {
            "rate": 32651.908118365725,
            "count": 326609
        },
        "http_reqs": {
            "count": 326609,
            "rate": 32651.908118365725
        },
        "http_req_tls_handshaking": {
            "max": 0,
            "p(90)": 0,
            "p(95)": 0,
            "avg": 0,
            "min": 0,
            "med": 0
        },
        "http_req_waiting": {
            "max": 421.482652,
            "p(90)": 2.726548,
            "p(95)": 4.506826999999999,
            "avg": 2.687504703333366,
            "min": 0.06902,
            "med": 0.420682
        },
        "http_req_blocked": {
            "max": 34.293649,
            "p(90)": 0.002625,
            "p(95)": 0.003196,
            "avg": 0.013609568505460872,
            "min": 0.000711,
            "med": 0.001863
        },
        "http_req_connecting": {
            "p(90)": 0,
            "p(95)": 0,
            "avg": 0.004233320842352778,
            "min": 0,
            "med": 0,
            "max": 14.465167
        },
        "http_req_sending": {
            "max": 30.09678,
            "p(90)": 0.008786,
            "p(95)": 0.011843,
            "avg": 0.028800782709600948,
            "min": 0.002134,
            "med": 0.00524
        },
        "http_req_receiving": {
            "avg": 0.17086930459663258,
            "min": 0.010159,
            "med": 0.022432,
            "max": 47.356467,
            "p(90)": 0.097042,
            "p(95)": 0.2795983999999996
        },
        "iteration_duration": {
            "max": 421.699381,
            "p(90)": 3.5034542000000033,
            "p(95)": 6.007955999999995,
            "avg": 3.046663024726867,
            "min": 0.120547,
            "med": 0.575022
        },
        "http_req_failed": {
            "fails": 326609,
            "passes": 0,
            "value": 0
        }
    }
}