{
    "root_group": {
        "name": "",
        "path": "",
        "id": "d41d8cd98f00b204e9800998ecf8427e",
        "groups": {},
        "checks": {
                "status is 200": {
                    "path": "::status is 200",
                    "id": "6210a8cd14cd70477eba5c5e4cb3fb5f",
                    "passes": 204898,
                    "fails": 0,
                    "name": "status is 200"
                }
            }
    },
    "metrics": {
        "data_received": {
            "count": 5169576540,
            "rate": 344531933.4388899
        },
        "data_sent": {
            "count": 19146400,
            "rate": 1276032.2164403745
        },
        "http_req_waiting": {
            "avg": 32.655396805049385,
            "min": 0.084108,
            "med": 22.3786575,
            "max": 4937.020151,
            "p(90)": 51.4677073,
            "p(95)": 64.34001524999998
        },
        "checks": {
            "passes": 204898,
            "fails": 0,
            "value": 1
        },
        "http_req_duration{expected_response:true}": {
            "p(90)": 63.85971030000001,
            "p(95)": 80.57359614999999,
            "avg": 43.742682330896564,
            "min": 0.10635,
            "med": 28.274957,
            "max": 5959.115109
        },
        "http_req_receiving": {
            "max": 169.856184,
            "p(90)": 7.258194,
            "p(95)": 13.36292765,
            "avg": 2.319521655301671,
            "min": 0.01055,
            "med": 0.038503
        },
        "vus": {
            "value": 130,
            "min": 130,
            "max": 1000
        },
        "http_req_duration": {
            "min": 0.10635,
            "med": 28.274957,
            "max": 5959.115109,
            "p(90)": 63.85971030000001,
            "p(95)": 80.57359614999999,
            "avg": 43.742682330896564
        },
        "http_reqs": {
            "count": 204898,
            "rate": 13655.645399876732
        },
        "http_req_blocked": {
            "avg": 15.275806452430071,
            "min": 0.000821,
            "med": 0.097904,
            "max": 1224.838521,
            "p(90)": 7.47085930000001,
            "p(95)": 16.57913265
        },
        "iterations": {
            "count": 204898,
            "rate": 13655.645399876732
        },
        "iteration_duration": {
            "avg": 54.809351704501886,
            "min": 0.14333,
            "med": 32.026695000000004,
            "max": 5959.1734,
            "p(90)": 72.27819430000001,
            "p(95)": 92.77520915
        },
        "vus_max": {
            "max": 1000,
            "value": 1000,
            "min": 1000
        },
        "latency": {
            "avg": 43.742682330896564,
            "min": 0.10635,
            "med": 28.274957,
            "max": 5959.115109,
            "p(90)": 63.85971030000001,
            "p(95)": 80.57359614999999
        },
        "http_req_failed": {
            "passes": 0,
            "fails": 204898,
            "value": 0
        },
        "http_req_connecting": {
            "med": 0,
            "max": 1196.610151,
            "p(90)": 4.475838000000004,
            "p(95)": 11.19263379999999,
            "avg": 8.835134623900744,
            "min": 0
        },
        "http_req_tls_handshaking": {
            "p(90)": 0,
            "p(95)": 0,
            "avg": 0,
            "min": 0,
            "med": 0,
            "max": 0
        },
        "http_req_sending": {
            "max": 1146.299372,
            "p(90)": 8.72294430000001,
            "p(95)": 17.44538854999998,
            "avg": 8.767763870545046,
            "min": 0.002385,
            "med": 0.076048
        }
    }
}