{
    "root_group": {
        "name": "",
        "path": "",
        "id": "d41d8cd98f00b204e9800998ecf8427e",
        "groups": {},
        "checks": {
                "status is 200": {
                    "passes": 188117,
                    "fails": 436,
                    "name": "status is 200",
                    "path": "::status is 200",
                    "id": "6210a8cd14cd70477eba5c5e4cb3fb5f"
                }
            }
    },
    "metrics": {
        "iteration_duration": {
            "avg": 446.7572653375528,
            "min": 0.159861,
            "med": 39.287028,
            "max": 30029.12499,
            "p(90)": 262.58565960000067,
            "p(95)": 1278.1047517999996
        },
        "vus_max": {
            "value": 5000,
            "min": 5000,
            "max": 5000
        },
        "data_sent": {
            "count": 17754800,
            "rate": 443659.3228359013
        },
        "http_reqs": {
            "count": 188553,
            "rate": 4711.587643830271
        },
        "http_req_duration": {
            "avg": 284.29591424769,
            "min": 0,
            "med": 36.012625,
            "max": 30022.853897,
            "p(90)": 114.30191840000008,
            "p(95)": 451.5102317999997
        },
        "http_req_sending": {
            "max": 19745.216905,
            "p(90)": 6.944952000000004,
            "p(95)": 15.23575979999999,
            "avg": 48.52347395975625,
            "min": 0,
            "med": 0.016381
        },
        "vus": {
            "max": 5000,
            "value": 1441,
            "min": 1441
        },
        "http_req_connecting": {
            "med": 0,
            "max": 19731.204417,
            "p(90)": 8.515191800000009,
            "p(95)": 1007.5731826,
            "avg": 109.45968206707445,
            "min": 0
        },
        "http_req_receiving": {
            "avg": 1.212560367737466,
            "min": 0,
            "med": 0.036839,
            "max": 146.892477,
            "p(90)": 3.0746220000000006,
            "p(95)": 7.179064199999992
        },
        "http_req_failed": {
            "passes": 436,
            "fails": 188117,
            "value": 0.0023123471915058365
        },
        "http_req_duration{expected_response:true}": {
            "max": 28932.059069,
            "p(90)": 113.18275039999988,
            "p(95)": 448.1461101999986,
            "avg": 264.85734783562737,
            "min": 0.117251,
            "med": 36.053972
        },
        "iterations": {
            "count": 188553,
            "rate": 4711.587643830271
        },
        "http_req_blocked": {
            "avg": 156.07960008388648,
            "min": 0,
            "med": 0.014598,
            "max": 19731.225195,
            "p(90)": 18.71866440000003,
            "p(95)": 1035.9797308
        },
        "http_req_tls_handshaking": {
            "med": 0,
            "max": 0,
            "p(90)": 0,
            "p(95)": 0,
            "avg": 0,
            "min": 0
        },
        "latency": {
            "avg": 284.29591424769,
            "min": 0,
            "med": 36.012625,
            "max": 30022.853897,
            "p(90)": 114.30191840000008,
            "p(95)": 451.5102317999997
        },
        "checks": {
            "passes": 188117,
            "fails": 436,
            "value": 0.9976876528084941
        },
        "data_received": {
            "count": 4746191910,
            "rate": 118598479.7823593
        },
        "http_req_waiting": {
            "avg": 234.55987992019567,
            "min": 0,
            "med": 32.307689,
            "max": 30022.849208,
            "p(90)": 93.94629300000018,
            "p(95)": 262.15083939999965
        }
    }
}