{
    "root_group": {
        "name": "",
        "path": "",
        "id": "d41d8cd98f00b204e9800998ecf8427e",
        "groups": {},
        "checks": {
                "status is 200": {
                    "id": "6210a8cd14cd70477eba5c5e4cb3fb5f",
                    "passes": 388562,
                    "fails": 0,
                    "name": "status is 200",
                    "path": "::status is 200"
                }
            }
    },
    "metrics": {
        "iterations": {
            "count": 388562,
            "rate": 38841.051457809044
        },
        "http_req_sending": {
            "p(90)": 0.009087,
            "p(95)": 0.02153,
            "avg": 0.04682591123681668,
            "min": 0.002244,
            "med": 0.00518,
            "max": 29.334702
        },
        "latency": {
            "p(95)": 7.893219000000002,
            "avg": 2.2524120410565662,
            "min": 0.080291,
            "med": 1.2016765,
            "max": 45.415198,
            "p(90)": 5.446463000000007
        },
        "http_req_connecting": {
            "p(90)": 0,
            "p(95)": 0,
            "avg": 0.00126903895131279,
            "min": 0,
            "med": 0,
            "max": 29.43967
        },
        "http_req_tls_handshaking": {
            "avg": 0,
            "min": 0,
            "med": 0,
            "max": 0,
            "p(90)": 0,
            "p(95)": 0
        },
        "http_req_failed": {
            "passes": 0,
            "fails": 388562,
            "value": 0
        },
        "data_sent": {
            "count": 28365026,
            "rate": 2835396.7564200605
        },
        "vus": {
            "min": 100,
            "max": 100,
            "value": 100
        },
        "http_req_blocked": {
            "avg": 0.01301350873734472,
            "min": 0.000791,
            "med": 0.001813,
            "max": 59.12433,
            "p(90)": 0.002525,
            "p(95)": 0.002956
        },
        "vus_max": {
            "value": 100,
            "min": 100,
            "max": 100
        },
        "http_req_receiving": {
            "min": 0.010951,
            "med": 0.023755,
            "max": 45.235801,
            "p(90)": 0.216388,
            "p(95)": 2.665383500000003,
            "avg": 0.39816002535759204
        },
        "checks": {
            "passes": 388562,
            "fails": 0,
            "value": 1
        },
        "http_reqs": {
            "count": 388562,
            "rate": 38841.051457809044
        },
        "data_received": {
            "count": 9807691877,
            "rate": 980386823.4075716
        },
        "http_req_duration": {
            "avg": 2.2524120410565662,
            "min": 0.080291,
            "med": 1.2016765,
            "max": 45.415198,
            "p(90)": 5.446463000000007,
            "p(95)": 7.893219000000002
        },
        "http_req_duration{expected_response:true}": {
            "avg": 2.2524120410565662,
            "min": 0.080291,
            "med": 1.2016765,
            "max": 45.415198,
            "p(90)": 5.446463000000007,
            "p(95)": 7.893219000000002
        },
        "http_req_waiting": {
            "avg": 1.8074261044620377,
            "min": 0.044945,
            "med": 1.016198,
            "max": 24.436422,
            "p(90)": 4.4732779,
            "p(95)": 6.222807500000004
        },
        "iteration_duration": {
            "avg": 2.5481407697072673,
            "min": 0.11646,
            "med": 1.3767315,
            "max": 76.639036,
            "p(90)": 6.207854,
            "p(95)": 8.918512000000002
        }
    }
}