{
    "root_group": {
        "checks": {
            "status is 200": {
                "passes": 288256,
                "fails": 0,
                "name": "status is 200",
                "path": "::status is 200",
                "id": "6210a8cd14cd70477eba5c5e4cb3fb5f"
            }
        },
        "name": "",
        "path": "",
        "id": "d41d8cd98f00b204e9800998ecf8427e",
        "groups": {}
    },
    "metrics": {
        "latency": {
            "avg": 92.7308656628944,
            "min": 0.095559,
            "med": 73.59152850000001,
            "max": 1058.428655,
            "p(90)": 167.98017149999998,
            "p(95)": 203.936631
        },
        "checks": {
            "passes": 288256,
            "fails": 0,
            "value": 1
        },
        "data_received": {
            "count": 7275869696,
            "rate": 724005837.7695874
        },
        "http_req_duration{expected_response:true}": {
            "avg": 92.73086566289439,
            "min": 0.095559,
            "med": 73.59152850000001,
            "max": 1058.428655,
            "p(90)": 167.98017149999998,
            "p(95)": 203.936631
        },
        "http_req_sending": {
            "min": 0.003035,
            "med": 0.006332,
            "max": 653.850503,
            "p(90)": 0.08562600000000001,
            "p(95)": 1.29470175,
            "avg": 1.8218739816241178
        },
        "http_req_blocked": {
            "min": 0.000801,
            "med": 0.002325,
            "max": 274.32885,
            "p(90)": 0.003437,
            "p(95)": 0.004639,
            "avg": 1.716677579006673
        },
        "iterations": {
            "count": 288256,
            "rate": 28683.722426591157
        },
        "http_reqs": {
            "count": 288256,
            "rate": 28683.722426591157
        },
        "http_req_duration": {
            "p(90)": 167.98017149999998,
            "p(95)": 203.936631,
            "avg": 92.73086566289439,
            "min": 0.095559,
            "med": 73.59152850000001,
            "max": 1058.428655
        },
        "http_req_receiving": {
            "min": 0.011351,
            "med": 0.022462,
            "max": 661.061175,
            "p(90)": 5.3427715,
            "p(95)": 34.69176925,
            "avg": 6.390848503209086
        },
        "http_req_failed": {
            "fails": 288256,
            "passes": 0,
            "value": 0
        },
        "vus": {
            "max": 5000,
            "value": 5000,
            "min": 5000
        },
        "http_req_connecting": {
            "min": 0,
            "med": 0,
            "max": 249.336709,
            "p(90)": 0,
            "p(95)": 0,
            "avg": 1.6881514733535414
        },
        "iteration_duration": {
            "p(95)": 311.15835500000003,
            "avg": 147.82061311150164,
            "min": 0.192923,
            "med": 117.0042655,
            "max": 1250.675473,
            "p(90)": 251.0485835
        },
        "vus_max": {
            "value": 5000,
            "min": 5000,
            "max": 5000
        },
        "http_req_waiting": {
            "avg": 84.51814317805977,
            "min": 0.061426,
            "med": 71.51687849999999,
            "max": 418.900078,
            "p(90)": 148.96216149999998,
            "p(95)": 168.19894225000002
        },
        "http_req_tls_handshaking": {
            "p(95)": 0,
            "avg": 0,
            "min": 0,
            "med": 0,
            "max": 0,
            "p(90)": 0
        },
        "data_sent": {
            "count": 21042688,
            "rate": 2093911.7371411545
        }
    }
}