{
    "root_group": {
        "groups": {},
        "checks": {
                "status is 200": {
                    "name": "status is 200",
                    "path": "::status is 200",
                    "id": "6210a8cd14cd70477eba5c5e4cb3fb5f",
                    "passes": 268111,
                    "fails": 0
                }
            },
        "name": "",
        "path": "",
        "id": "d41d8cd98f00b204e9800998ecf8427e"
    },
    "metrics": {
        "http_req_duration{expected_response:true}": {
            "avg": 156.70435787826327,
            "min": 0.112572,
            "med": 112.918427,
            "max": 1114.665816,
            "p(90)": 372.232715,
            "p(95)": 404.7231865
        },
        "iterations": {
            "count": 268111,
            "rate": 26632.409819682434
        },
        "vus": {
            "value": 10000,
            "min": 10000,
            "max": 10000
        },
        "http_req_sending": {
            "avg": 3.8010463886628134,
            "min": 0.003006,
            "med": 0.006312,
            "max": 730.22822,
            "p(90)": 0.055574,
            "p(95)": 0.34003
        },
        "http_req_failed": {
            "passes": 0,
            "fails": 268111,
            "value": 0
        },
        "data_sent": {
            "count": 19572103,
            "rate": 1944165.9168368175
        },
        "http_req_tls_handshaking": {
            "med": 0,
            "max": 0,
            "p(90)": 0,
            "p(95)": 0,
            "avg": 0,
            "min": 0
        },
        "http_req_blocked": {
            "med": 0.002404,
            "max": 1555.791892,
            "p(90)": 0.003567,
            "p(95)": 0.008556,
            "avg": 17.42424864672258,
            "min": 0.000871
        },
        "http_req_connecting": {
            "avg": 16.742836641734243,
            "min": 0,
            "med": 0,
            "max": 1555.764209,
            "p(90)": 0,
            "p(95)": 0
        },
        "http_req_receiving": {
            "avg": 2.3980280483940617,
            "min": 0.01105,
            "med": 0.022101,
            "max": 571.623822,
            "p(90)": 0.196801,
            "p(95)": 7.8832385
        },
        "http_reqs": {
            "count": 268111,
            "rate": 26632.409819682434
        },
        "http_req_duration": {
            "p(90)": 372.232715,
            "p(95)": 404.7231865,
            "avg": 156.70435787826327,
            "min": 0.112572,
            "med": 112.918427,
            "max": 1114.665816
        },
        "http_req_waiting": {
            "avg": 150.5052834412106,
            "min": 0.057247,
            "med": 112.304102,
            "max": 606.068384,
            "p(90)": 358.951788,
            "p(95)": 386.1789755
        },
        "checks": {
            "passes": 268111,
            "fails": 0,
            "value": 1
        },
        "data_received": {
            "count": 6767389751,
            "rate": 672228656.2586043
        },
        "iteration_duration": {
            "avg": 294.6912193566696,
            "min": 0.844069,
            "med": 235.576969,
            "max": 1762.378063,
            "p(90)": 479.367608,
            "p(95)": 534.4700315
        },
        "latency": {
            "min": 0.112572,
            "med": 112.918427,
            "max": 1114.665816,
            "p(90)": 372.232715,
            "p(95)": 404.7231865,
            "avg": 156.70435787826324
        },
        "vus_max": {
            "value": 10000,
            "min": 10000,
            "max": 10000
        }
    }
}