{
    "root_group": {
        "checks": {
            "status is 200": {
                "name": "status is 200",
                "path": "::status is 200",
                "id": "6210a8cd14cd70477eba5c5e4cb3fb5f",
                "passes": 340210,
                "fails": 0
            }
        },
        "name": "",
        "path": "",
        "id": "d41d8cd98f00b204e9800998ecf8427e",
        "groups": {}
    },
    "metrics": {
        "latency": {
            "min": 0.084649,
            "med": 9.983571000000001,
            "max": 243.380945,
            "p(90)": 31.39827100000001,
            "p(95)": 47.61998355,
            "avg": 14.947716067707999
        },
        "iterations": {
            "count": 340210,
            "rate": 34001.23364463019
        },
        "vus_max": {
            "max": 1000,
            "value": 1000,
            "min": 1000
        },
        "http_req_blocked": {
            "max": 146.455854,
            "p(90)": 0.002885,
            "p(95)": 0.003376,
            "avg": 0.11197682498458175,
            "min": 0.000821,
            "med": 0.002053
        },
        "http_req_duration": {
            "max": 243.380945,
            "p(90)": 31.39827100000001,
            "p(95)": 47.61998355,
            "avg": 14.947716067707994,
            "min": 0.084649,
            "med": 9.983571000000001
        },
        "http_req_waiting": {
            "avg": 11.222905042456372,
            "min": 0.051397,
            "med": 8.921882,
            "max": 121.390458,
            "p(90)": 23.382217000000004,
            "p(95)": 30.0491155
        },
        "http_req_duration{expected_response:true}": {
            "avg": 14.947716067707994,
            "min": 0.084649,
            "med": 9.983571000000001,
            "max": 243.380945,
            "p(90)": 31.39827100000001,
            "p(95)": 47.61998355
        },
        "http_req_tls_handshaking": {
            "med": 0,
            "max": 0,
            "p(90)": 0,
            "p(95)": 0,
            "avg": 0,
            "min": 0
        },
        "http_req_sending": {
            "min": 0.002485,
            "med": 0.005861,
            "max": 162.044145,
            "p(90)": 0.06270900000000035,
            "p(95)": 0.5989805499999993,
            "avg": 1.1048006059170865
        },
        "http_req_receiving": {
            "med": 0.022603,
            "max": 233.133337,
            "p(90)": 2.7284932000000275,
            "p(95)": 15.695071,
            "avg": 2.620010419335234,
            "min": 0.010239
        },
        "checks": {
            "fails": 0,
            "passes": 340210,
            "value": 1
        },
        "http_req_connecting": {
            "avg": 0.04531621973486967,
            "min": 0,
            "med": 0,
            "max": 100.703041,
            "p(90)": 0,
            "p(95)": 0
        },
        "data_sent": {
            "rate": 2482090.0560580045,
            "count": 24835330
        },
        "vus": {
            "value": 1000,
            "min": 1000,
            "max": 1000
        },
        "http_req_failed": {
            "passes": 0,
            "fails": 340210,
            "value": 0
        },
        "http_reqs": {
            "rate": 34001.23364463019,
            "count": 340210
        },
        "data_received": {
            "count": 8587240610,
            "rate": 858225138.4241108
        },
        "iteration_duration": {
            "p(90)": 53.52766120000001,
            "p(95)": 69.09469769999998,
            "avg": 27.478587150871913,
            "min": 0.121058,
            "med": 22.006856,
            "max": 295.243329
        }
    }
}