{
    "metrics": {
        "http_req_connecting": {
            "avg": 0.007889479708160209,
            "min": 0,
            "med": 0,
            "max": 43.913039,
            "p(90)": 0,
            "p(95)": 0
        },
        "iteration_duration": {
            "p(95)": 12.0525275,
            "avg": 4.598203386090877,
            "min": 0.116119,
            "med": 0.4913615,
            "max": 656.210304,
            "p(90)": 6.057762
        },
        "http_req_tls_handshaking": {
            "med": 0,
            "max": 0,
            "p(90)": 0,
            "p(95)": 0,
            "avg": 0,
            "min": 0
        },
        "data_received": {
            "rate": 544929606.2919344,
            "count": 5453403290
        },
        "http_reqs": {
            "rate": 21598.32097830719,
            "count": 216146
        },
        "data_sent": {
            "rate": 1771062.3202211896,
            "count": 17723972
        },
        "http_req_duration{expected_response:true}": {
            "avg": 4.19681820094291,
            "min": 0.087935,
            "med": 0.411832,
            "max": 655.95895,
            "p(90)": 4.8997385,
            "p(95)": 9.427418
        },
        "iterations": {
            "count": 216146,
            "rate": 21598.32097830719
        },
        "vus_max": {
            "value": 100,
            "min": 100,
            "max": 100
        },
        "vus": {
            "value": 100,
            "min": 100,
            "max": 100
        },
        "http_req_sending": {
            "med": 0.005199,
            "max": 44.147592,
            "p(90)": 0.008837,
            "p(95)": 0.011812,
            "avg": 0.06799077802041215,
            "min": 0.002174
        },
        "http_req_waiting": {
            "avg": 3.714149714327425,
            "min": 0.066265,
            "med": 0.329311,
            "max": 655.916801,
            "p(90)": 3.793768,
            "p(95)": 7.1976635
        },
        "http_req_blocked": {
            "avg": 0.02607853414358814,
            "min": 0.000812,
            "med": 0.001854,
            "max": 63.696753,
            "p(90)": 0.002695,
            "p(95)": 0.003406
        },
        "latency": {
            "avg": 4.19681820094291,
            "min": 0.087935,
            "med": 0.411832,
            "max": 655.95895,
            "p(90)": 4.8997385,
            "p(95)": 9.427418
        },
        "http_req_duration": {
            "avg": 4.19681820094291,
            "min": 0.087935,
            "med": 0.411832,
            "max": 655.95895,
            "p(90)": 4.8997385,
            "p(95)": 9.427418
        },
        "http_req_failed": {
            "passes": 0,
            "fails": 216146,
            "value": 0
        },
        "checks": {
            "passes": 216146,
            "fails": 0,
            "value": 1
        },
        "http_req_receiving": {
            "avg": 0.4146777085951187,
            "min": 0.009969,
            "med": 0.022642,
            "max": 51.25347,
            "p(90)": 0.115032,
            "p(95)": 0.7969244999999999
        }
    },
    "root_group": {
        "name": "",
        "path": "",
        "id": "d41d8cd98f00b204e9800998ecf8427e",
        "groups": {},
        "checks": {
                "status is 200": {
                    "fails": 0,
                    "name": "status is 200",
                    "path": "::status is 200",
                    "id": "6210a8cd14cd70477eba5c5e4cb3fb5f",
                    "passes": 216146
                }
            }
    }
}