{
    "root_group": {
        "id": "d41d8cd98f00b204e9800998ecf8427e",
        "groups": {},
        "checks": {
                "status is 200": {
                    "fails": 6,
                    "name": "status is 200",
                    "path": "::status is 200",
                    "id": "6210a8cd14cd70477eba5c5e4cb3fb5f",
                    "passes": 283619
                }
            },
        "name": "",
        "path": ""
    },
    "metrics": {
        "latency": {
            "avg": 64.94316711566984,
            "min": 0,
            "med": 1.281156,
            "max": 32799.496486,
            "p(90)": 12.564211,
            "p(95)": 30.03454039999998
        },
        "http_req_receiving": {
            "max": 146.589025,
            "p(90)": 0.112051,
            "p(95)": 0.24228019999999909,
            "avg": 0.13094963950991564,
            "min": 0,
            "med": 0.023835
        },
        "http_req_tls_handshaking": {
            "p(90)": 0,
            "p(95)": 0,
            "avg": 0,
            "min": 0,
            "med": 0,
            "max": 0
        },
        "http_reqs": {
            "count": 283625,
            "rate": 7082.43927639335
        },
        "http_req_blocked": {
            "avg": 7.447790600349051,
            "min": 0,
            "med": 0.001944,
            "max": 19665.361132,
            "p(90)": 0.003176,
            "p(95)": 0.00529
        },
        "iterations": {
            "count": 283625,
            "rate": 7082.43927639335
        },
        "vus_max": {
            "max": 5000,
            "value": 5000,
            "min": 5000
        },
        "http_req_duration": {
            "p(90)": 12.564211,
            "p(95)": 30.03454039999998,
            "avg": 64.94316711566984,
            "min": 0,
            "med": 1.281156,
            "max": 32799.496486
        },
        "checks": {
            "passes": 283619,
            "fails": 6,
            "value": 0.9999788453063023
        },
        "data_received": {
            "count": 7156012944,
            "rate": 178693793.34319898
        },
        "http_req_connecting": {
            "p(90)": 0,
            "p(95)": 0,
            "avg": 7.440952290503316,
            "min": 0,
            "med": 0,
            "max": 19665.32845
        },
        "data_sent": {
            "count": 23591482,
            "rate": 589106.1743680097
        },
        "http_req_sending": {
            "p(90)": 0.01041,
            "p(95)": 0.013185,
            "avg": 0.04513961090171905,
            "min": 0,
            "med": 0.00562,
            "max": 63.92693
        },
        "vus": {
            "min": 4093,
            "max": 5000,
            "value": 4093
        },
        "http_req_failed": {
            "passes": 6,
            "fails": 283619,
            "value": 0.00002115469369766417
        },
        "iteration_duration": {
            "avg": 73.76876672620216,
            "min": 0.130376,
            "med": 1.45323,
            "max": 34973.083688,
            "p(90)": 17.312720200000008,
            "p(95)": 32.13778199999996
        },
        "http_req_duration{expected_response:true}": {
            "med": 1.281215,
            "max": 32799.496486,
            "p(90)": 12.564309000000002,
            "p(95)": 30.034889,
            "avg": 64.94454099754198,
            "min": 0.092665
        },
        "http_req_waiting": {
            "min": 0,
            "med": 1.183021,
            "max": 32799.015509,
            "p(90)": 12.083621000000003,
            "p(95)": 29.849012399999978,
            "avg": 64.76707786525854
        }
    }
}