{
    "root_group": {
        "name": "",
        "path": "",
        "id": "d41d8cd98f00b204e9800998ecf8427e",
        "groups": {},
        "checks": {
                "status is 200": {
                    "name": "status is 200",
                    "path": "::status is 200",
                    "id": "6210a8cd14cd70477eba5c5e4cb3fb5f",
                    "passes": 324200,
                    "fails": 0
                }
            }
    },
    "metrics": {
        "http_req_duration{expected_response:true}": {
            "p(95)": 10.804378549999996,
            "avg": 2.915987085863732,
            "min": 0.105569,
            "med": 1.5866715,
            "max": 58.139308,
            "p(90)": 7.220359000000005
        },
        "http_req_receiving": {
            "p(95)": 0.8204004999999969,
            "avg": 0.21992640550894346,
            "min": 0.009107,
            "med": 0.0237295,
            "max": 27.037192,
            "p(90)": 0.18598200000000034
        },
        "http_req_connecting": {
            "avg": 0.014281297970388704,
            "min": 0,
            "med": 0,
            "max": 19.662165,
            "p(90)": 0,
            "p(95)": 0
        },
        "http_req_waiting": {
            "p(90)": 6.288269100000019,
            "p(95)": 9.794771,
            "avg": 2.563761636054884,
            "min": 0.081754,
            "med": 1.352681,
            "max": 43.289087
        },
        "vus": {
            "max": 100,
            "value": 100,
            "min": 100
        },
        "data_received": {
            "count": 8179586824,
            "rate": 817415088.6143961
        },
        "iterations": {
            "count": 324200,
            "rate": 32398.454522326763
        },
        "http_req_duration": {
            "p(95)": 10.804378549999996,
            "avg": 2.915987085863732,
            "min": 0.105569,
            "med": 1.5866715,
            "max": 58.139308,
            "p(90)": 7.220359000000005
        },
        "http_req_failed": {
            "passes": 0,
            "fails": 324200,
            "value": 0
        },
        "checks": {
            "passes": 324200,
            "fails": 0,
            "value": 1
        },
        "http_req_sending": {
            "min": 0.002384,
            "med": 0.00563,
            "max": 21.993561,
            "p(90)": 0.13502500000000034,
            "p(95)": 0.6205015499999997,
            "avg": 0.13229904429980574
        },
        "http_reqs": {
            "count": 324200,
            "rate": 32398.454522326763
        },
        "vus_max": {
            "value": 100,
            "min": 100,
            "max": 100
        },
        "http_req_blocked": {
            "med": 0.001944,
            "max": 19.683475,
            "p(90)": 0.096793,
            "p(95)": 0.134564,
            "avg": 0.04806655492905709,
            "min": 0.000782
        },
        "data_sent": {
            "count": 27797360,
            "rate": 2777888.660705568
        },
        "iteration_duration": {
            "avg": 3.0709664039512043,
            "min": 0.14833,
            "med": 1.722127,
            "max": 58.185295,
            "p(90)": 7.539346100000007,
            "p(95)": 11.07251759999999
        },
        "latency": {
            "min": 0.105569,
            "med": 1.5866715,
            "max": 58.139308,
            "p(90)": 7.220359000000005,
            "p(95)": 10.804378549999996,
            "avg": 2.915987085863732
        },
        "http_req_tls_handshaking": {
            "min": 0,
            "med": 0,
            "max": 0,
            "p(90)": 0,
            "p(95)": 0,
            "avg": 0
        }
    }
}