{
    "metrics": {
        "http_req_receiving": {
            "med": 0.050134,
            "max": 207.940176,
            "p(90)": 8.893077000000005,
            "p(95)": 16.159653100000003,
            "avg": 2.926356618489261,
            "min": 0.011882
        },
        "iterations": {
            "count": 184139,
            "rate": 12261.837000446882
        },
        "vus_max": {
            "value": 1000,
            "min": 1000,
            "max": 1000
        },
        "http_req_duration{expected_response:true}": {
            "max": 5068.979235,
            "p(90)": 71.25944400000003,
            "p(95)": 89.62679150000002,
            "avg": 42.29775160557527,
            "min": 0.113073,
            "med": 32.59418
        },
        "http_req_failed": {
            "passes": 0,
            "fails": 184139,
            "value": 0
        },
        "checks": {
            "passes": 184139,
            "fails": 0,
            "value": 1
        },
        "http_req_blocked": {
            "max": 2067.510027,
            "p(90)": 8.713318000000001,
            "p(95)": 17.518883100000004,
            "avg": 17.187004409484164,
            "min": 0.000842,
            "med": 0.106451
        },
        "http_req_duration": {
            "p(90)": 71.25944400000003,
            "p(95)": 89.62679150000002,
            "avg": 42.29775160557527,
            "min": 0.113073,
            "med": 32.59418,
            "max": 5068.979235
        },
        "http_req_tls_handshaking": {
            "med": 0,
            "max": 0,
            "p(90)": 0,
            "p(95)": 0,
            "avg": 0,
            "min": 0
        },
        "http_req_sending": {
            "avg": 9.383445523229828,
            "min": 0.002645,
            "med": 0.154321,
            "max": 2094.439746,
            "p(90)": 10.0122332,
            "p(95)": 19.32906830000001
        },
        "data_sent": {
            "count": 17231760,
            "rate": 1147464.8626897102
        },
        "data_received": {
            "count": 4645826970,
            "rate": 309366147.52127486
        },
        "iteration_duration": {
            "med": 36.875984,
            "max": 5069.072961,
            "p(90)": 81.1854464,
            "p(95)": 102.85098960000005,
            "avg": 55.203182518179865,
            "min": 0.155674
        },
        "vus": {
            "value": 4,
            "min": 4,
            "max": 1000
        },
        "latency": {
            "avg": 42.297751605575286,
            "min": 0.113073,
            "med": 32.59418,
            "max": 5068.979235,
            "p(90)": 71.25944400000003,
            "p(95)": 89.62679150000002
        },
        "http_req_connecting": {
            "med": 0,
            "max": 2067.248143,
            "p(90)": 5.7109042000000025,
            "p(95)": 12.240159700000017,
            "avg": 10.473548402342612,
            "min": 0
        },
        "http_reqs": {
            "count": 184139,
            "rate": 12261.837000446882
        },
        "http_req_waiting": {
            "med": 25.107533,
            "max": 3997.692031,
            "p(90)": 55.83622180000002,
            "p(95)": 71.39706170000002,
            "avg": 29.98794946385659,
            "min": 0.089309
        }
    },
    "root_group": {
        "name": "",
        "path": "",
        "id": "d41d8cd98f00b204e9800998ecf8427e",
        "groups": {},
        "checks": {
                "status is 200": {
                    "name": "status is 200",
                    "path": "::status is 200",
                    "id": "6210a8cd14cd70477eba5c5e4cb3fb5f",
                    "passes": 184139,
                    "fails": 0
                }
            }
    }
}