{
    "root_group": {
        "groups": {},
        "checks": {
                "status is 200": {
                    "name": "status is 200",
                    "path": "::status is 200",
                    "id": "6210a8cd14cd70477eba5c5e4cb3fb5f",
                    "passes": 198167,
                    "fails": 362
                }
            },
        "name": "",
        "path": "",
        "id": "d41d8cd98f00b204e9800998ecf8427e"
    },
    "metrics": {
        "http_req_duration": {
            "min": 0,
            "med": 32.973155,
            "max": 34938.208564,
            "p(90)": 117.20069320000009,
            "p(95)": 458.5987368,
            "avg": 269.221466346328
        },
        "http_req_failed": {
            "passes": 362,
            "fails": 198167,
            "value": 0.0018234111892972815
        },
        "data_received": {
            "count": 4999835984,
            "rate": 124946558.36340915
        },
        "data_sent": {
            "count": 18663440,
            "rate": 466401.81851653015
        },
        "iteration_duration": {
            "avg": 418.80125370288573,
            "min": 0.15346,
            "med": 36.503924,
            "max": 34973.441902,
            "p(90)": 254.30640040000014,
            "p(95)": 1260.4910551999944
        },
        "http_req_duration{expected_response:true}": {
            "avg": 245.7919588334744,
            "min": 0.112452,
            "med": 32.982363,
            "max": 34938.208564,
            "p(90)": 115.97031979999991,
            "p(95)": 455.6294038999997
        },
        "http_req_tls_handshaking": {
            "avg": 0,
            "min": 0,
            "med": 0,
            "max": 0,
            "p(90)": 0,
            "p(95)": 0
        },
        "http_req_blocked": {
            "med": 0.006613,
            "max": 19685.961021,
            "p(90)": 22.686660400000044,
            "p(95)": 1032.0368497999998,
            "avg": 156.537730352226,
            "min": 0
        },
        "http_req_waiting": {
            "p(90)": 87.04798580000005,
            "p(95)": 254.14098159999963,
            "avg": 224.5195666966821,
            "min": 0,
            "med": 29.359752,
            "max": 33759.463436
        },
        "vus_max": {
            "value": 5000,
            "min": 5000,
            "max": 5000
        },
        "http_req_sending": {
            "avg": 43.31078050946199,
            "min": 0,
            "med": 0.013796,
            "max": 19498.851715,
            "p(90)": 7.4471106000000145,
            "p(95)": 16.715010399999993
        },
        "iterations": {
            "count": 198529,
            "rate": 4961.265802460222
        },
        "http_req_connecting": {
            "max": 19685.926225,
            "p(90)": 12.953592000000008,
            "p(95)": 1011.4863171999995,
            "avg": 115.1867044113653,
            "min": 0,
            "med": 0
        },
        "checks": {
            "passes": 198167,
            "fails": 362,
            "value": 0.9981765888107027
        },
        "http_reqs": {
            "rate": 4961.265802460222,
            "count": 198529
        },
        "vus": {
            "value": 1337,
            "min": 1337,
            "max": 5000
        },
        "http_req_receiving": {
            "avg": 1.3911191401810312,
            "min": 0,
            "med": 0.035186,
            "max": 208.182195,
            "p(90)": 3.140689000000003,
            "p(95)": 8.25348719999998
        },
        "latency": {
            "p(90)": 117.20069320000009,
            "p(95)": 458.5987368,
            "avg": 269.221466346328,
            "min": 0,
            "med": 32.973155,
            "max": 34938.208564
        }
    }
}