{
    "root_group": {
        "name": "",
        "path": "",
        "id": "d41d8cd98f00b204e9800998ecf8427e",
        "groups": {},
        "checks": {
                "status is 200": {
                    "id": "6210a8cd14cd70477eba5c5e4cb3fb5f",
                    "passes": 315789,
                    "fails": 0,
                    "name": "status is 200",
                    "path": "::status is 200"
                }
            }
    },
    "metrics": {
        "iterations": {
            "count": 315789,
            "rate": 7894.442290942952
        },
        "http_reqs": {
            "count": 315789,
            "rate": 7894.442290942952
        },
        "http_req_failed": {
            "passes": 0,
            "fails": 315789,
            "value": 0
        },
        "http_req_sending": {
            "avg": 0.04790037616256475,
            "min": 0.002144,
            "med": 0.005701,
            "max": 61.799275,
            "p(90)": 0.01037,
            "p(95)": 0.020734999999999768
        },
        "data_sent": {
            "rate": 647545.1606631196,
            "count": 25902734
        },
        "vus": {
            "value": 98,
            "min": 98,
            "max": 1000
        },
        "http_req_blocked": {
            "avg": 1.4701508445766465,
            "min": 0.000821,
            "med": 0.001974,
            "max": 7205.03212,
            "p(90)": 0.003026,
            "p(95)": 0.0049
        },
        "iteration_duration": {
            "max": 35025.908508,
            "p(90)": 12.105774000000004,
            "p(95)": 22.91426159999999,
            "avg": 64.09056926067738,
            "min": 0.130146,
            "med": 1.887969
        },
        "http_req_connecting": {
            "max": 7204.997495,
            "p(90)": 0,
            "p(95)": 0,
            "avg": 1.452296777376667,
            "min": 0,
            "med": 0
        },
        "http_req_tls_handshaking": {
            "med": 0,
            "max": 0,
            "p(90)": 0,
            "p(95)": 0,
            "avg": 0,
            "min": 0
        },
        "http_req_waiting": {
            "max": 34961.106933,
            "p(90)": 8.842978200000006,
            "p(95)": 19.42779359999998,
            "avg": 61.765536844076514,
            "min": 0.069761,
            "med": 1.484719
        },
        "http_req_receiving": {
            "med": 0.023354,
            "max": 53.6348,
            "p(90)": 0.1391748000000001,
            "p(95)": 0.41542539999999956,
            "avg": 0.22970117419225963,
            "min": 0.009738
        },
        "latency": {
            "max": 34964.452571,
            "p(90)": 9.68924540000001,
            "p(95)": 20.76791059999998,
            "avg": 62.04313839443111,
            "min": 0.094067,
            "med": 1.626056
        },
        "data_received": {
            "count": 7967414420,
            "rate": 199178227.69861114
        },
        "checks": {
            "passes": 315789,
            "fails": 0,
            "value": 1
        },
        "vus_max": {
            "value": 1000,
            "min": 1000,
            "max": 1000
        },
        "http_req_duration{expected_response:true}": {
            "med": 1.626056,
            "max": 34964.452571,
            "p(90)": 9.68924540000001,
            "p(95)": 20.76791059999998,
            "avg": 62.0431383944311,
            "min": 0.094067
        },
        "http_req_duration": {
            "min": 0.094067,
            "med": 1.626056,
            "max": 34964.452571,
            "p(90)": 9.68924540000001,
            "p(95)": 20.76791059999998,
            "avg": 62.0431383944311
        }
    }
}