{
    "root_group": {
        "name": "",
        "path": "",
        "id": "d41d8cd98f00b204e9800998ecf8427e",
        "groups": {},
        "checks": {
                "status is 200": {
                    "fails": 0,
                    "name": "status is 200",
                    "path": "::status is 200",
                    "id": "6210a8cd14cd70477eba5c5e4cb3fb5f",
                    "passes": 225683
                }
            }
    },
    "metrics": {
        "data_sent": {
            "rate": 1646594.8494783512,
            "count": 16474859
        },
        "iteration_duration": {
            "avg": 4.367454853967726,
            "min": 0.117602,
            "med": 1.69184,
            "max": 137.843424,
            "p(90)": 10.623710800000008,
            "p(95)": 17.575929
        },
        "vus": {
            "min": 8,
            "max": 100,
            "value": 8
        },
        "http_req_duration{expected_response:true}": {
            "p(90)": 8.532640000000004,
            "p(95)": 13.691434999999998,
            "avg": 3.5614346001382606,
            "min": 0.083036,
            "med": 1.445566,
            "max": 128.097146
        },
        "latency": {
            "avg": 3.5614346001382606,
            "min": 0.083036,
            "med": 1.445566,
            "max": 128.097146,
            "p(90)": 8.532640000000004,
            "p(95)": 13.691434999999998
        },
        "iterations": {
            "rate": 22556.093828470566,
            "count": 225683
        },
        "http_req_waiting": {
            "min": 0.051597,
            "med": 1.145159,
            "max": 57.220789,
            "p(90)": 6.4220788,
            "p(95)": 9.641152,
            "avg": 2.53739079022787
        },
        "checks": {
            "passes": 225683,
            "fails": 0,
            "value": 1
        },
        "http_req_duration": {
            "min": 0.083036,
            "med": 1.445566,
            "max": 128.097146,
            "p(90)": 8.532640000000004,
            "p(95)": 13.691434999999998,
            "avg": 3.5614346001382606
        },
        "http_req_tls_handshaking": {
            "p(95)": 0,
            "avg": 0,
            "min": 0,
            "med": 0,
            "max": 0,
            "p(90)": 0
        },
        "http_req_receiving": {
            "avg": 0.9036781325930334,
            "min": 0.012093,
            "med": 0.025357,
            "max": 102.840546,
            "p(90)": 0.8258410000000014,
            "p(95)": 5.226454
        },
        "data_received": {
            "count": 5696463603,
            "rate": 569338264.3785111
        },
        "http_req_failed": {
            "passes": 0,
            "fails": 225683,
            "value": 0
        },
        "http_req_sending": {
            "avg": 0.12036567731730022,
            "min": 0.002414,
            "med": 0.005431,
            "max": 79.004302,
            "p(90)": 0.009979,
            "p(95)": 0.050365
        },
        "http_reqs": {
            "count": 225683,
            "rate": 22556.093828470566
        },
        "http_req_blocked": {
            "avg": 0.01859442330614126,
            "min": 0.000801,
            "med": 0.001913,
            "max": 97.581499,
            "p(90)": 0.002765,
            "p(95)": 0.003447
        },
        "vus_max": {
            "value": 100,
            "min": 100,
            "max": 100
        },
        "http_req_connecting": {
            "avg": 0.002861573911194021,
            "min": 0,
            "med": 0,
            "max": 48.609573,
            "p(90)": 0,
            "p(95)": 0
        }
    }
}