{
    "root_group": {
        "checks": {
            "status is 200": {
                "name": "status is 200",
                "path": "::status is 200",
                "id": "6210a8cd14cd70477eba5c5e4cb3fb5f",
                "passes": 303724,
                "fails": 0
            }
        },
        "name": "",
        "path": "",
        "id": "d41d8cd98f00b204e9800998ecf8427e",
        "groups": {}
    },
    "metrics": {
        "http_req_duration{expected_response:true}": {
            "p(95)": 180.09043754999996,
            "avg": 78.72966431206585,
            "min": 0.098385,
            "med": 68.8340675,
            "max": 497.830568,
            "p(90)": 148.5417501
        },
        "http_req_failed": {
            "passes": 0,
            "fails": 303724,
            "value": 0
        },
        "data_received": {
            "count": 7666297484,
            "rate": 764488678.8240659
        },
        "http_req_tls_handshaking": {
            "max": 0,
            "p(90)": 0,
            "p(95)": 0,
            "avg": 0,
            "min": 0,
            "med": 0
        },
        "vus": {
            "min": 5000,
            "max": 5000,
            "value": 5000
        },
        "http_req_blocked": {
            "avg": 2.6807825414777957,
            "min": 0.000822,
            "med": 0.002374,
            "max": 522.454016,
            "p(90)": 0.003447,
            "p(95)": 0.004278
        },
        "data_sent": {
            "count": 22171852,
            "rate": 2210992.9699360887
        },
        "http_req_connecting": {
            "avg": 2.639186863583372,
            "min": 0,
            "med": 0,
            "max": 484.034144,
            "p(90)": 0,
            "p(95)": 0
        },
        "http_req_sending": {
            "med": 0.006382,
            "max": 310.740085,
            "p(90)": 0.0732653000000001,
            "p(95)": 0.6131409999999977,
            "avg": 1.0580543223423136,
            "min": 0.003226
        },
        "iteration_duration": {
            "max": 779.11821,
            "p(90)": 227.68385190000004,
            "p(95)": 271.85954069999985,
            "avg": 133.5154722063163,
            "min": 0.438657,
            "med": 110.034267
        },
        "http_req_duration": {
            "p(95)": 180.09043754999996,
            "avg": 78.72966431206585,
            "min": 0.098385,
            "med": 68.8340675,
            "max": 497.830568,
            "p(90)": 148.5417501
        },
        "http_req_receiving": {
            "avg": 3.11546643628108,
            "min": 0.01074,
            "med": 0.022392,
            "max": 189.695554,
            "p(90)": 0.251384,
            "p(95)": 12.654954549999966
        },
        "iterations": {
            "rate": 30287.574930631352,
            "count": 303724
        },
        "http_reqs": {
            "count": 303724,
            "rate": 30287.574930631352
        },
        "checks": {
            "passes": 303724,
            "fails": 0,
            "value": 1
        },
        "latency": {
            "med": 68.8340675,
            "max": 497.830568,
            "p(90)": 148.5417501,
            "p(95)": 180.09043754999996,
            "avg": 78.72966431206572,
            "min": 0.098385
        },
        "vus_max": {
            "value": 5000,
            "min": 5000,
            "max": 5000
        },
        "http_req_waiting": {
            "max": 241.132199,
            "p(90)": 139.630092,
            "p(95)": 161.29556324999993,
            "avg": 74.55614355344481,
            "min": 0.057528,
            "med": 67.9095345
        }
    }
}