{
    "metrics": {
        "latency": {
            "min": 0.082505,
            "med": 11.9247495,
            "max": 265.950282,
            "p(90)": 34.12780259999999,
            "p(95)": 48.32942044999975,
            "avg": 16.52847648252728
        },
        "iteration_duration": {
            "p(95)": 68.67770359999993,
            "avg": 29.52655783035466,
            "min": 0.139112,
            "med": 24.390238,
            "max": 283.778658,
            "p(90)": 56.5036063
        },
        "http_req_failed": {
            "passes": 0,
            "fails": 317008,
            "value": 0
        },
        "checks": {
            "passes": 317008,
            "fails": 0,
            "value": 1
        },
        "data_received": {
            "count": 8001598928,
            "rate": 798764326.9136468
        },
        "http_req_blocked": {
            "avg": 0.06018066233975042,
            "min": 0.000791,
            "med": 0.002104,
            "max": 231.673642,
            "p(90)": 0.003046,
            "p(95)": 0.003697
        },
        "vus": {
            "value": 1000,
            "min": 1000,
            "max": 1000
        },
        "http_req_tls_handshaking": {
            "max": 0,
            "p(90)": 0,
            "p(95)": 0,
            "avg": 0,
            "min": 0,
            "med": 0
        },
        "http_req_connecting": {
            "p(95)": 0,
            "avg": 0.011702249697168526,
            "min": 0,
            "med": 0,
            "max": 118.500824,
            "p(90)": 0
        },
        "http_req_waiting": {
            "min": 0.055564,
            "med": 10.581707,
            "max": 190.613432,
            "p(90)": 26.40594259999999,
            "p(95)": 33.39425849999999,
            "avg": 12.718749194051584
        },
        "vus_max": {
            "min": 1000,
            "max": 1000,
            "value": 1000
        },
        "data_sent": {
            "count": 23141584,
            "rate": 2310122.256039627
        },
        "http_req_sending": {
            "avg": 1.5299892123861851,
            "min": 0.002505,
            "med": 0.006101,
            "max": 232.594089,
            "p(90)": 0.0750613,
            "p(95)": 3.0917956499999777
        },
        "http_req_duration": {
            "max": 265.950282,
            "p(90)": 34.12780259999999,
            "p(95)": 48.32942044999975,
            "avg": 16.528476482527292,
            "min": 0.082505,
            "med": 11.9247495
        },
        "http_reqs": {
            "count": 317008,
            "rate": 31645.510356707215
        },
        "iterations": {
            "count": 317008,
            "rate": 31645.510356707215
        },
        "http_req_duration{expected_response:true}": {
            "p(90)": 34.12780259999999,
            "p(95)": 48.32942044999975,
            "avg": 16.528476482527292,
            "min": 0.082505,
            "med": 11.9247495,
            "max": 265.950282
        },
        "http_req_receiving": {
            "max": 206.06121,
            "p(90)": 1.9426242999999983,
            "p(95)": 13.305993649999989,
            "avg": 2.2797380760895223,
            "min": 0.010139,
            "med": 0.023544
        }
    },
    "root_group": {
        "groups": {},
        "checks": {
                "status is 200": {
                    "name": "status is 200",
                    "path": "::status is 200",
                    "id": "6210a8cd14cd70477eba5c5e4cb3fb5f",
                    "passes": 317008,
                    "fails": 0
                }
            },
        "name": "",
        "path": "",
        "id": "d41d8cd98f00b204e9800998ecf8427e"
    }
}