{
    "root_group": {
        "name": "",
        "path": "",
        "id": "d41d8cd98f00b204e9800998ecf8427e",
        "groups": {},
        "checks": {
                "status is 200": {
                    "passes": 307958,
                    "fails": 761,
                    "name": "status is 200",
                    "path": "::status is 200",
                    "id": "6210a8cd14cd70477eba5c5e4cb3fb5f"
                }
            }
    },
    "metrics": {
        "checks": {
            "passes": 307958,
            "fails": 761,
            "value": 0.9975349751715962
        },
        "http_req_connecting": {
            "avg": 6.431652107800306,
            "min": 0,
            "med": 0,
            "max": 19517.940596,
            "p(90)": 0,
            "p(95)": 0
        },
        "http_req_waiting": {
            "med": 1.70073,
            "max": 32862.344471,
            "p(90)": 8.359492400000006,
            "p(95)": 13.657803999999993,
            "avg": 60.11329566894827,
            "min": 0
        },
        "latency": {
            "min": 0,
            "med": 1.810616,
            "max": 32867.185399,
            "p(90)": 8.741305200000003,
            "p(95)": 14.328838099999999,
            "avg": 60.32006124285854
        },
        "iteration_duration": {
            "max": 39828.689373,
            "p(90)": 13.185484,
            "p(95)": 22.150086999999996,
            "avg": 141.94289452831538,
            "min": 0.128432,
            "med": 2.226038
        },
        "iterations": {
            "rate": 7712.937483271299,
            "count": 308719
        },
        "http_req_failed": {
            "passes": 761,
            "fails": 307958,
            "value": 0.0024650248284038235
        },
        "http_reqs": {
            "rate": 7712.937483271299,
            "count": 308719
        },
        "http_req_receiving": {
            "min": 0,
            "med": 0.023574,
            "max": 256.780192,
            "p(90)": 0.104757,
            "p(95)": 0.197071,
            "avg": 0.14572768305158348
        },
        "http_req_duration": {
            "min": 0,
            "med": 1.810616,
            "max": 32867.185399,
            "p(90)": 8.741305200000003,
            "p(95)": 14.328838099999999,
            "avg": 60.32006124285854
        },
        "http_req_duration{expected_response:true}": {
            "min": 0.092985,
            "med": 1.817585,
            "max": 32867.185399,
            "p(90)": 8.759293,
            "p(95)": 14.35914644999995,
            "avg": 60.46911912284807
        },
        "data_sent": {
            "count": 25525944,
            "rate": 637732.0808679871
        },
        "vus": {
            "value": 3341,
            "min": 3341,
            "max": 5000
        },
        "http_req_tls_handshaking": {
            "max": 0,
            "p(90)": 0,
            "p(95)": 0,
            "avg": 0,
            "min": 0,
            "med": 0
        },
        "data_received": {
            "count": 7769836675,
            "rate": 194119132.70483366
        },
        "http_req_blocked": {
            "avg": 6.449279626271897,
            "min": 0,
            "med": 0.001973,
            "max": 19518.04348,
            "p(90)": 0.003145,
            "p(95)": 0.00527
        },
        "http_req_sending": {
            "min": 0,
            "med": 0.005691,
            "max": 264.422181,
            "p(90)": 0.01017,
            "p(95)": 0.012513,
            "avg": 0.06103789085867695
        },
        "vus_max": {
            "value": 5000,
            "min": 5000,
            "max": 5000
        }
    }
}