{
    "root_group": {
        "name": "",
        "path": "",
        "id": "d41d8cd98f00b204e9800998ecf8427e",
        "groups": {},
        "checks": {
                "status is 200": {
                    "name": "status is 200",
                    "path": "::status is 200",
                    "id": "6210a8cd14cd70477eba5c5e4cb3fb5f",
                    "passes": 205539,
                    "fails": 0
                }
            }
    },
    "metrics": {
        "http_req_failed": {
            "passes": 0,
            "fails": 205539,
            "value": 0
        },
        "http_req_sending": {
            "p(90)": 9.107710000000003,
            "p(95)": 18.958415199999983,
            "avg": 8.194824823833576,
            "min": 0.002525,
            "med": 0.062127,
            "max": 1182.949147
        },
        "iteration_duration": {
            "avg": 55.302781866293344,
            "min": 0.14875,
            "med": 30.450413,
            "max": 5926.696513,
            "p(90)": 76.38628380000003,
            "p(95)": 104.47345109999989
        },
        "http_req_duration": {
            "avg": 42.099173655983016,
            "min": 0.109867,
            "med": 25.260176,
            "max": 5903.339509,
            "p(90)": 64.4044202,
            "p(95)": 85.12724119999999
        },
        "checks": {
            "passes": 205539,
            "fails": 0,
            "value": 1
        },
        "http_req_receiving": {
            "avg": 2.797300325568346,
            "min": 0.011922,
            "med": 0.036549,
            "max": 292.524941,
            "p(90)": 7.554324000000001,
            "p(95)": 15.209531599999917
        },
        "latency": {
            "p(90)": 64.4044202,
            "p(95)": 85.12724119999999,
            "avg": 42.09917365598302,
            "min": 0.109867,
            "med": 25.260176,
            "max": 5903.339509
        },
        "http_reqs": {
            "count": 205539,
            "rate": 13690.908950414518
        },
        "http_req_tls_handshaking": {
            "med": 0,
            "max": 0,
            "p(90)": 0,
            "p(95)": 0,
            "avg": 0,
            "min": 0
        },
        "http_req_waiting": {
            "p(90)": 49.210334200000005,
            "p(95)": 61.28301759999993,
            "avg": 31.107048506580483,
            "min": 0.086092,
            "med": 19.446285,
            "max": 5083.881397
        },
        "vus_max": {
            "value": 1000,
            "min": 1000,
            "max": 1000
        },
        "data_received": {
            "count": 5185748970,
            "rate": 345421632.8189583
        },
        "http_req_duration{expected_response:true}": {
            "avg": 42.099173655983016,
            "min": 0.109867,
            "med": 25.260176,
            "max": 5903.339509,
            "p(90)": 64.4044202,
            "p(95)": 85.12724119999999
        },
        "http_req_blocked": {
            "avg": 15.594149482934805,
            "min": 0.000822,
            "med": 0.096582,
            "max": 1237.978294,
            "p(90)": 8.692674400000008,
            "p(95)": 18.55305699999987
        },
        "data_sent": {
            "count": 19010720,
            "rate": 1266300.0043876066
        },
        "iterations": {
            "count": 205539,
            "rate": 13690.908950414518
        },
        "vus": {
            "value": 292,
            "min": 292,
            "max": 1000
        },
        "http_req_connecting": {
            "med": 0,
            "max": 1119.677554,
            "p(90)": 5.230102000000004,
            "p(95)": 11.611598199999982,
            "avg": 9.799516549608601,
            "min": 0
        }
    }
}