{
    "root_group": {
        "name": "",
        "path": "",
        "id": "d41d8cd98f00b204e9800998ecf8427e",
        "groups": {},
        "checks": {
                "status is 200": {
                    "fails": 2709,
                    "name": "status is 200",
                    "path": "::status is 200",
                    "id": "6210a8cd14cd70477eba5c5e4cb3fb5f",
                    "passes": 274512
                }
            }
    },
    "metrics": {
        "latency": {
            "med": 1.791361,
            "max": 33673.419368,
            "p(90)": 10.196176,
            "p(95)": 18.875337,
            "avg": 65.15213943567781,
            "min": 0
        },
        "http_req_duration{expected_response:true}": {
            "min": 0.097544,
            "med": 1.81995,
            "max": 33673.419368,
            "p(90)": 10.294133899999995,
            "p(95)": 19.0492085,
            "avg": 65.79508818010883
        },
        "http_req_waiting": {
            "med": 1.665143,
            "max": 33673.218651,
            "p(90)": 9.829436,
            "p(95)": 18.127851,
            "avg": 64.89646404774913,
            "min": 0
        },
        "http_req_failed": {
            "fails": 274512,
            "passes": 2709,
            "value": 0.009771986970684038
        },
        "checks": {
            "passes": 274512,
            "fails": 2709,
            "value": 0.990228013029316
        },
        "data_received": {
            "rate": 172842934.08338314,
            "count": 6925987920
        },
        "vus_max": {
            "max": 10000,
            "value": 10000,
            "min": 10000
        },
        "http_req_blocked": {
            "min": 0,
            "med": 0.001974,
            "max": 19699.711199,
            "p(90)": 0.003186,
            "p(95)": 0.005671,
            "avg": 9.837219392772768
        },
        "vus": {
            "value": 6390,
            "min": 6390,
            "max": 10000
        },
        "http_req_connecting": {
            "avg": 9.42077396541027,
            "min": 0,
            "med": 0,
            "max": 19699.684138,
            "p(90)": 0,
            "p(95)": 0
        },
        "http_reqs": {
            "rate": 6918.246405132275,
            "count": 277221
        },
        "http_req_duration": {
            "min": 0,
            "med": 1.791361,
            "max": 33673.419368,
            "p(90)": 10.196176,
            "p(95)": 18.875337,
            "avg": 65.15213943567781
        },
        "http_req_tls_handshaking": {
            "min": 0,
            "med": 0,
            "max": 0,
            "p(90)": 0,
            "p(95)": 0,
            "avg": 0
        },
        "http_req_sending": {
            "p(90)": 0.01042,
            "p(95)": 0.012924,
            "avg": 0.09847195356412325,
            "min": 0,
            "med": 0.005711,
            "max": 340.454882
        },
        "data_sent": {
            "count": 23033964,
            "rate": 574828.8861195444
        },
        "iteration_duration": {
            "p(95)": 29.674528,
            "avg": 369.5927045004677,
            "min": 0.140274,
            "med": 2.146479,
            "max": 34965.620154,
            "p(90)": 15.485459
        },
        "http_req_receiving": {
            "p(95)": 0.280307,
            "avg": 0.15720343436464526,
            "min": 0,
            "med": 0.024597,
            "max": 234.654163,
            "p(90)": 0.110488
        },
        "iterations": {
            "count": 277221,
            "rate": 6918.246405132275
        }
    }
}