{
    "root_group": {
        "path": "",
        "id": "d41d8cd98f00b204e9800998ecf8427e",
        "groups": {},
        "checks": {
                "status is 200": {
                    "name": "status is 200",
                    "path": "::status is 200",
                    "id": "6210a8cd14cd70477eba5c5e4cb3fb5f",
                    "passes": 160839,
                    "fails": 1193
                }
            },
        "name": ""
    },
    "metrics": {
        "data_received": {
            "count": 4058043660,
            "rate": 101426239.50270233
        },
        "vus_max": {
            "value": 5000,
            "min": 5000,
            "max": 5000
        },
        "http_req_receiving": {
            "avg": 1.9888701081577136,
            "min": 0,
            "med": 0.035677,
            "max": 399.14071,
            "p(90)": 4.264893,
            "p(95)": 10.637621399999981
        },
        "checks": {
            "fails": 1193,
            "passes": 160839,
            "value": 0.9926372568381554
        },
        "http_req_tls_handshaking": {
            "avg": 0,
            "min": 0,
            "med": 0,
            "max": 0,
            "p(90)": 0,
            "p(95)": 0
        },
        "iteration_duration": {
            "avg": 701.663874174804,
            "min": 0.162976,
            "med": 40.1780765,
            "max": 34491.842324,
            "p(90)": 490.65316349999983,
            "p(95)": 1957.5457659999968
        },
        "http_reqs": {
            "count": 162032,
            "rate": 4049.8076945534544
        },
        "http_req_connecting": {
            "min": 0,
            "med": 0,
            "max": 19750.269614,
            "p(90)": 22.08886069999999,
            "p(95)": 1032.3713429999996,
            "avg": 203.58837290406078
        },
        "http_req_duration{expected_response:true}": {
            "p(95)": 464.28886910000017,
            "avg": 271.81102949633083,
            "min": 0.115638,
            "med": 33.467443,
            "max": 34452.746509,
            "p(90)": 143.14599940000002
        },
        "latency": {
            "p(95)": 472.3230229999999,
            "avg": 317.59036799056605,
            "min": 0,
            "med": 33.205845,
            "max": 34452.746509,
            "p(90)": 145.19081449999993
        },
        "http_req_sending": {
            "p(90)": 8.599393899999995,
            "p(95)": 17.895866749999943,
            "avg": 39.76073244420211,
            "min": 0,
            "med": 0.012714,
            "max": 19752.859888
        },
        "vus": {
            "value": 1386,
            "min": 1386,
            "max": 5000
        },
        "http_req_duration": {
            "med": 33.205845,
            "max": 34452.746509,
            "p(90)": 145.19081449999993,
            "p(95)": 472.3230229999999,
            "avg": 317.59036799056605,
            "min": 0
        },
        "http_req_waiting": {
            "p(90)": 117.25971049999993,
            "p(95)": 305.1786665499997,
            "avg": 275.8407654382035,
            "min": 0,
            "med": 28.781544500000003,
            "max": 34446.145938
        },
        "http_req_failed": {
            "fails": 160839,
            "passes": 1193,
            "value": 0.007362743161844574
        },
        "http_req_blocked": {
            "p(95)": 1052.2115495499993,
            "avg": 241.98784178114082,
            "min": 0,
            "med": 0.003907,
            "max": 19750.800272,
            "p(90)": 32.31322269999999
        },
        "iterations": {
            "count": 162032,
            "rate": 4049.8076945534544
        },
        "data_sent": {
            "count": 14542800,
            "rate": 363480.9379650438
        }
    }
}