{
    "metrics": {
        "http_req_blocked": {
            "min": 0.000742,
            "med": 0.001963,
            "max": 7207.969481,
            "p(90)": 0.002946,
            "p(95)": 0.004759,
            "avg": 2.9248134998339084
        },
        "latency": {
            "avg": 55.305441507269414,
            "min": 0.096211,
            "med": 1.696297,
            "max": 35001.213929,
            "p(90)": 8.193362000000002,
            "p(95)": 15.53288224999997
        },
        "http_req_duration": {
            "med": 1.696297,
            "max": 35001.213929,
            "p(90)": 8.193362000000002,
            "p(95)": 15.53288224999997,
            "avg": 55.305441507269414,
            "min": 0.096211
        },
        "http_req_connecting": {
            "p(95)": 0,
            "avg": 2.8675406265869654,
            "min": 0,
            "med": 0,
            "max": 7207.828205,
            "p(90)": 0
        },
        "http_req_receiving": {
            "min": 0.009849,
            "med": 0.023214,
            "max": 104.039814,
            "p(90)": 0.12840310000000071,
            "p(95)": 0.3394054999999994,
            "avg": 0.21066453566993937
        },
        "vus": {
            "value": 100,
            "min": 100,
            "max": 1000
        },
        "iteration_duration": {
            "p(95)": 19.112066749999972,
            "avg": 58.919627979862916,
            "min": 0.137388,
            "med": 1.996391,
            "max": 35015.148686,
            "p(90)": 10.643962100000003
        },
        "http_req_failed": {
            "passes": 0,
            "fails": 342950,
            "value": 0
        },
        "data_sent": {
            "count": 28130100,
            "rate": 703222.2861775383
        },
        "data_received": {
            "count": 8652691409,
            "rate": 216307991.58999524
        },
        "http_req_duration{expected_response:true}": {
            "p(95)": 15.53288224999997,
            "avg": 55.305441507269414,
            "min": 0.096211,
            "med": 1.696297,
            "max": 35001.213929,
            "p(90)": 8.193362000000002
        },
        "iterations": {
            "count": 342950,
            "rate": 8573.381646157915
        },
        "http_req_sending": {
            "max": 138.696286,
            "p(90)": 0.01018,
            "p(95)": 0.017623549999999988,
            "avg": 0.06299033374252964,
            "min": 0.002164,
            "med": 0.0057
        },
        "checks": {
            "passes": 342950,
            "fails": 0,
            "value": 1
        },
        "http_reqs": {
            "count": 342950,
            "rate": 8573.381646157915
        },
        "http_req_waiting": {
            "max": 34872.047714,
            "p(90)": 7.599316000000003,
            "p(95)": 14.20200909999999,
            "avg": 55.03178663785659,
            "min": 0.072416,
            "med": 1.567149
        },
        "vus_max": {
            "value": 1000,
            "min": 1000,
            "max": 1000
        },
        "http_req_tls_handshaking": {
            "avg": 0,
            "min": 0,
            "med": 0,
            "max": 0,
            "p(90)": 0,
            "p(95)": 0
        }
    },
    "root_group": {
        "groups": {},
        "checks": {
                "status is 200": {
                    "path": "::status is 200",
                    "id": "6210a8cd14cd70477eba5c5e4cb3fb5f",
                    "passes": 342950,
                    "fails": 0,
                    "name": "status is 200"
                }
            },
        "name": "",
        "path": "",
        "id": "d41d8cd98f00b204e9800998ecf8427e"
    }
}