{
    "metrics": {
        "data_received": {
            "count": 7659530980,
            "rate": 765161167.9746282
        },
        "http_req_sending": {
            "med": 0.00548,
            "max": 22.178355,
            "p(90)": 0.052739,
            "p(95)": 0.3581007000000001,
            "avg": 0.11434126746862526,
            "min": 0.002094
        },
        "http_req_waiting": {
            "max": 58.573315,
            "p(90)": 6.908475,
            "p(95)": 11.142397100000014,
            "avg": 2.730652921758861,
            "min": 0.078858,
            "med": 1.303543
        },
        "iteration_duration": {
            "avg": 3.2760445324470973,
            "min": 0.137028,
            "med": 1.639706,
            "max": 69.786506,
            "p(90)": 8.400142000000002,
            "p(95)": 12.703422
        },
        "http_req_duration{expected_response:true}": {
            "avg": 3.1067166496720304,
            "min": 0.101411,
            "med": 1.501706,
            "max": 69.739197,
            "p(90)": 7.996045600000002,
            "p(95)": 12.441334700000004
        },
        "http_req_receiving": {
            "med": 0.023704,
            "max": 19.563645,
            "p(90)": 0.22163500000000047,
            "p(95)": 1.272018000000004,
            "avg": 0.26172246044461156,
            "min": 0.011171
        },
        "latency": {
            "avg": 3.1067166496720304,
            "min": 0.101411,
            "med": 1.501706,
            "max": 69.739197,
            "p(90)": 7.996045600000002,
            "p(95)": 12.441334700000004
        },
        "http_req_blocked": {
            "avg": 0.040019776288181125,
            "min": 0.000792,
            "med": 0.001914,
            "max": 20.430106,
            "p(90)": 0.005039,
            "p(95)": 0.106831
        },
        "http_req_failed": {
            "fails": 303587,
            "passes": 0,
            "value": 0
        },
        "http_req_duration": {
            "min": 0.101411,
            "med": 1.501706,
            "max": 69.739197,
            "p(90)": 7.996045600000002,
            "p(95)": 12.441334700000004,
            "avg": 3.1067166496720304
        },
        "iterations": {
            "count": 303587,
            "rate": 30327.311699431688
        },
        "vus": {
            "value": 100,
            "min": 100,
            "max": 100
        },
        "http_req_connecting": {
            "avg": 0.012613829030887393,
            "min": 0,
            "med": 0,
            "max": 15.84627,
            "p(90)": 0,
            "p(95)": 0
        },
        "http_req_tls_handshaking": {
            "med": 0,
            "max": 0,
            "p(90)": 0,
            "p(95)": 0,
            "avg": 0,
            "min": 0
        },
        "vus_max": {
            "max": 100,
            "value": 100,
            "min": 100
        },
        "http_reqs": {
            "count": 303587,
            "rate": 30327.311699431688
        },
        "data_sent": {
            "count": 25271120,
            "rate": 2524499.1822236856
        },
        "checks": {
            "fails": 0,
            "passes": 303587,
            "value": 1
        }
    },
    "root_group": {
        "groups": {},
        "checks": {
                "status is 200": {
                    "name": "status is 200",
                    "path": "::status is 200",
                    "id": "6210a8cd14cd70477eba5c5e4cb3fb5f",
                    "passes": 303587,
                    "fails": 0
                }
            },
        "name": "",
        "path": "",
        "id": "d41d8cd98f00b204e9800998ecf8427e"
    }
}