{
    "metrics": {
        "checks": {
            "passes": 320052,
            "fails": 0,
            "value": 1
        },
        "http_req_duration": {
            "avg": 2.9450793091528373,
            "min": 0.086803,
            "med": 0.470174,
            "max": 405.23627,
            "p(90)": 3.151143900000003,
            "p(95)": 5.7660659500000015
        },
        "http_req_connecting": {
            "med": 0,
            "max": 16.977972,
            "p(90)": 0,
            "p(95)": 0,
            "avg": 0.0039107487283316445,
            "min": 0
        },
        "latency": {
            "max": 405.23627,
            "p(90)": 3.151143900000003,
            "p(95)": 5.7660659500000015,
            "avg": 2.9450793091528373,
            "min": 0.086803,
            "med": 0.470174
        },
        "iterations": {
            "count": 320052,
            "rate": 31975.748950666508
        },
        "data_sent": {
            "count": 26244264,
            "rate": 2622011.413954654
        },
        "http_reqs": {
            "count": 320052,
            "rate": 31975.748950666508
        },
        "http_req_failed": {
            "passes": 0,
            "fails": 320052,
            "value": 0
        },
        "http_req_waiting": {
            "p(90)": 2.7060290000000005,
            "p(95)": 4.773413500000005,
            "avg": 2.7392772780953876,
            "min": 0.069641,
            "med": 0.39857,
            "max": 405.132796
        },
        "vus_max": {
            "value": 100,
            "min": 100,
            "max": 100
        },
        "iteration_duration": {
            "med": 0.550175,
            "max": 405.370283,
            "p(90)": 3.544260000000002,
            "p(95)": 6.5338045000000005,
            "avg": 3.1080301050735812,
            "min": 0.114045
        },
        "data_received": {
            "rate": 806754066.6721439,
            "count": 8074971221
        },
        "http_req_receiving": {
            "avg": 0.17549583805756155,
            "min": 0.009798,
            "med": 0.022663,
            "max": 36.400834,
            "p(90)": 0.099457,
            "p(95)": 0.2867084500000002
        },
        "http_req_tls_handshaking": {
            "min": 0,
            "med": 0,
            "max": 0,
            "p(90)": 0,
            "p(95)": 0,
            "avg": 0
        },
        "http_req_blocked": {
            "avg": 0.01169181885131222,
            "min": 0.000821,
            "med": 0.001843,
            "max": 26.217636,
            "p(90)": 0.002614,
            "p(95)": 0.003196
        },
        "http_req_duration{expected_response:true}": {
            "avg": 2.9450793091528373,
            "min": 0.086803,
            "med": 0.470174,
            "max": 405.23627,
            "p(90)": 3.151143900000003,
            "p(95)": 5.7660659500000015
        },
        "http_req_sending": {
            "p(90)": 0.008816,
            "p(95)": 0.011933,
            "avg": 0.030306192999887956,
            "min": 0.002184,
            "med": 0.0052,
            "max": 30.611643
        },
        "vus": {
            "value": 100,
            "min": 100,
            "max": 100
        }
    },
    "root_group": {
        "checks": {
            "status is 200": {
                "path": "::status is 200",
                "id": "6210a8cd14cd70477eba5c5e4cb3fb5f",
                "passes": 320052,
                "fails": 0,
                "name": "status is 200"
            }
        },
        "name": "",
        "path": "",
        "id": "d41d8cd98f00b204e9800998ecf8427e",
        "groups": {}
    }
}