{
    "metrics": {
        "data_sent": {
            "count": 17855920,
            "rate": 445615.8001363302
        },
        "data_received": {
            "count": 4641331624,
            "rate": 115829971.53475222
        },
        "http_req_receiving": {
            "min": 0,
            "med": 0.040827,
            "max": 188.224037,
            "p(90)": 3.338398999999999,
            "p(95)": 7.257687999999997,
            "avg": 1.3061229114878392
        },
        "http_req_duration": {
            "avg": 346.15012186096186,
            "min": 0,
            "med": 38.328063,
            "max": 33898.966536,
            "p(90)": 224.92448519999974,
            "p(95)": 864.3652035999999
        },
        "http_req_duration{expected_response:true}": {
            "avg": 276.6035770222028,
            "min": 0.109626,
            "med": 38.402794,
            "max": 33898.966536,
            "p(90)": 216.25228700000017,
            "p(95)": 653.506046399983
        },
        "vus_max": {
            "max": 10000,
            "value": 10000,
            "min": 10000
        },
        "http_req_failed": {
            "passes": 1442,
            "fails": 183945,
            "value": 0.007778323183394736
        },
        "http_req_waiting": {
            "p(95)": 450.80133519999987,
            "avg": 275.5228720311511,
            "min": 0,
            "med": 35.205146,
            "max": 32172.033746,
            "p(90)": 126.61515239999997
        },
        "checks": {
            "fails": 1442,
            "passes": 183945,
            "value": 0.9922216768166052
        },
        "iteration_duration": {
            "p(90)": 1071.9715317999996,
            "p(95)": 2331.0562087999942,
            "avg": 708.9759779136402,
            "min": 0.150434,
            "med": 40.765901,
            "max": 35398.025979
        },
        "latency": {
            "avg": 346.15012186096186,
            "min": 0,
            "med": 38.328063,
            "max": 33898.966536,
            "p(90)": 224.92448519999974,
            "p(95)": 864.3652035999999
        },
        "http_req_tls_handshaking": {
            "avg": 0,
            "min": 0,
            "med": 0,
            "max": 0,
            "p(90)": 0,
            "p(95)": 0
        },
        "http_req_blocked": {
            "max": 19689.484889,
            "p(90)": 1002.5331765999999,
            "p(95)": 1072.3277995999981,
            "avg": 265.793825019579,
            "min": 0,
            "med": 0.1011
        },
        "http_req_sending": {
            "max": 19683.347609,
            "p(90)": 7.571966799999997,
            "p(95)": 17.07771869999999,
            "avg": 69.32112691832212,
            "min": 0,
            "med": 0.045867
        },
        "iterations": {
            "count": 185387,
            "rate": 4626.5539014441065
        },
        "vus": {
            "max": 10000,
            "value": 5840,
            "min": 5840
        },
        "http_req_connecting": {
            "avg": 198.50728226248887,
            "min": 0,
            "med": 0,
            "max": 19689.460303,
            "p(90)": 19.5085654,
            "p(95)": 1046.2811703999996
        },
        "http_reqs": {
            "rate": 4626.5539014441065,
            "count": 185387
        }
    },
    "root_group": {
        "path": "",
        "id": "d41d8cd98f00b204e9800998ecf8427e",
        "groups": {},
        "checks": {
                "status is 200": {
                    "name": "status is 200",
                    "path": "::status is 200",
                    "id": "6210a8cd14cd70477eba5c5e4cb3fb5f",
                    "passes": 183945,
                    "fails": 1442
                }
            },
        "name": ""
    }
}