{
    "root_group": {
        "id": "d41d8cd98f00b204e9800998ecf8427e",
        "groups": {},
        "checks": {
                "status is 200": {
                    "path": "::status is 200",
                    "id": "6210a8cd14cd70477eba5c5e4cb3fb5f",
                    "passes": 278570,
                    "fails": 0,
                    "name": "status is 200"
                }
            },
        "name": "",
        "path": ""
    },
    "metrics": {
        "http_req_waiting": {
            "avg": 2.2307312602002933,
            "min": 0.050004,
            "med": 1.1187195,
            "max": 53.147801,
            "p(90)": 5.470238,
            "p(95)": 8.027721149999982
        },
        "http_req_failed": {
            "passes": 0,
            "fails": 278570,
            "value": 0
        },
        "latency": {
            "med": 1.3680539999999999,
            "max": 118.270597,
            "p(90)": 7.048643000000001,
            "p(95)": 10.993169499999999,
            "avg": 2.977507728840155,
            "min": 0.082665
        },
        "checks": {
            "fails": 0,
            "passes": 278570,
            "value": 1
        },
        "data_sent": {
            "count": 20335610,
            "rate": 2032667.3150490646
        },
        "http_req_duration": {
            "p(90)": 7.048643000000001,
            "p(95)": 10.993169499999999,
            "avg": 2.977507728840155,
            "min": 0.082665,
            "med": 1.3680539999999999,
            "max": 118.270597
        },
        "http_req_connecting": {
            "avg": 0.0016630591126108353,
            "min": 0,
            "med": 0,
            "max": 37.300979,
            "p(90)": 0,
            "p(95)": 0
        },
        "vus_max": {
            "value": 100,
            "min": 100,
            "max": 100
        },
        "http_req_blocked": {
            "min": 0.000781,
            "med": 0.001863,
            "max": 64.004454,
            "p(90)": 0.002644,
            "p(95)": 0.003216,
            "avg": 0.014172220149334997
        },
        "data_received": {
            "count": 7031384355,
            "rate": 702829428.6699955
        },
        "iterations": {
            "count": 278570,
            "rate": 27844.757740398145
        },
        "http_req_sending": {
            "med": 0.00533,
            "max": 77.305024,
            "p(90)": 0.009638,
            "p(95)": 0.03449599999999977,
            "avg": 0.08616061559033207,
            "min": 0.002255
        },
        "http_req_receiving": {
            "max": 91.908626,
            "p(90)": 0.4848820000000006,
            "p(95)": 4.446039499999998,
            "avg": 0.6606158530494579,
            "min": 0.011492,
            "med": 0.024607
        },
        "iteration_duration": {
            "med": 1.589079,
            "max": 134.458189,
            "p(90)": 8.4696941,
            "p(95)": 13.058566649999978,
            "avg": 3.5486451710592344,
            "min": 0.117581
        },
        "vus": {
            "value": 100,
            "min": 100,
            "max": 100
        },
        "http_reqs": {
            "count": 278570,
            "rate": 27844.757740398145
        },
        "http_req_tls_handshaking": {
            "avg": 0,
            "min": 0,
            "med": 0,
            "max": 0,
            "p(90)": 0,
            "p(95)": 0
        },
        "http_req_duration{expected_response:true}": {
            "avg": 2.977507728840155,
            "min": 0.082665,
            "med": 1.3680539999999999,
            "max": 118.270597,
            "p(90)": 7.048643000000001,
            "p(95)": 10.993169499999999
        }
    }
}