{
    "metrics": {
        "vus": {
            "value": 1000,
            "min": 1000,
            "max": 1000
        },
        "http_req_duration{expected_response:true}": {
            "min": 0.091382,
            "med": 11.355151,
            "max": 195.46171,
            "p(90)": 31.517822,
            "p(95)": 43.04081,
            "avg": 15.46460545979221
        },
        "iterations": {
            "rate": 31740.865289847017,
            "count": 317641
        },
        "http_req_blocked": {
            "max": 115.999863,
            "p(90)": 0.002975,
            "p(95)": 0.003476,
            "avg": 0.05673157453855303,
            "min": 0.000831,
            "med": 0.002124
        },
        "data_received": {
            "count": 8017576481,
            "rate": 801171180.7810285
        },
        "http_req_receiving": {
            "p(90)": 1.276732,
            "p(95)": 9.907538,
            "avg": 1.7899610308869334,
            "min": 0.01059,
            "med": 0.023113,
            "max": 159.884702
        },
        "http_req_failed": {
            "fails": 317641,
            "passes": 0,
            "value": 0
        },
        "iteration_duration": {
            "p(90)": 54.641944,
            "p(95)": 65.782092,
            "avg": 28.75771174242017,
            "min": 0.131658,
            "med": 23.950466,
            "max": 218.014658
        },
        "vus_max": {
            "value": 1000,
            "min": 1000,
            "max": 1000
        },
        "http_req_waiting": {
            "avg": 12.44534211060645,
            "min": 0.053912,
            "med": 10.199709,
            "max": 102.348252,
            "p(90)": 25.393873,
            "p(95)": 32.221987
        },
        "latency": {
            "p(90)": 31.517822,
            "p(95)": 43.04081,
            "avg": 15.46460545979221,
            "min": 0.091382,
            "med": 11.355151,
            "max": 195.46171
        },
        "http_req_duration": {
            "p(95)": 43.04081,
            "avg": 15.46460545979221,
            "min": 0.091382,
            "med": 11.355151,
            "max": 195.46171,
            "p(90)": 31.517822
        },
        "http_req_tls_handshaking": {
            "med": 0,
            "max": 0,
            "p(90)": 0,
            "p(95)": 0,
            "avg": 0,
            "min": 0
        },
        "http_req_connecting": {
            "avg": 0.023518898180650498,
            "min": 0,
            "med": 0,
            "max": 42.224844,
            "p(90)": 0,
            "p(95)": 0
        },
        "data_sent": {
            "count": 23187793,
            "rate": 2317083.166158832
        },
        "http_reqs": {
            "count": 317641,
            "rate": 31740.865289847017
        },
        "http_req_sending": {
            "min": 0.002485,
            "med": 0.006012,
            "max": 152.444804,
            "p(90)": 0.06381,
            "p(95)": 1.095922,
            "avg": 1.2293023182998706
        },
        "checks": {
            "fails": 0,
            "passes": 317641,
            "value": 1
        }
    },
    "root_group": {
        "name": "",
        "path": "",
        "id": "d41d8cd98f00b204e9800998ecf8427e",
        "groups": {},
        "checks": {
                "status is 200": {
                    "fails": 0,
                    "name": "status is 200",
                    "path": "::status is 200",
                    "id": "6210a8cd14cd70477eba5c5e4cb3fb5f",
                    "passes": 317641
                }
            }
    }
}