{
    "metrics": {
        "latency": {
            "min": 0.104176,
            "med": 70.543954,
            "max": 351.627739,
            "p(90)": 146.3257766,
            "p(95)": 168.49792490000002,
            "avg": 79.83955696678254
        },
        "vus": {
            "value": 5000,
            "min": 5000,
            "max": 5000
        },
        "http_req_waiting": {
            "max": 245.54508,
            "p(90)": 135.51306090000003,
            "p(95)": 152.77062505,
            "avg": 75.27393388455654,
            "min": 0.050075,
            "med": 68.50948650000001
        },
        "http_req_duration{expected_response:true}": {
            "min": 0.104176,
            "med": 70.543954,
            "max": 351.627739,
            "p(90)": 146.3257766,
            "p(95)": 168.49792490000002,
            "avg": 79.83955696678267
        },
        "http_req_tls_handshaking": {
            "p(95)": 0,
            "avg": 0,
            "min": 0,
            "med": 0,
            "max": 0,
            "p(90)": 0
        },
        "checks": {
            "passes": 307832,
            "fails": 0,
            "value": 1
        },
        "data_received": {
            "count": 7769987512,
            "rate": 769827628.1666353
        },
        "http_req_blocked": {
            "avg": 2.348247351437804,
            "min": 0.000792,
            "med": 0.002355,
            "max": 354.019528,
            "p(90)": 0.003436,
            "p(95)": 0.004348
        },
        "http_req_connecting": {
            "avg": 0.6605243928831321,
            "min": 0,
            "med": 0,
            "max": 162.221834,
            "p(90)": 0,
            "p(95)": 0
        },
        "iteration_duration": {
            "p(95)": 253.64590620000016,
            "avg": 134.67523930167775,
            "min": 2.861603,
            "med": 115.8418325,
            "max": 542.977259,
            "p(90)": 214.43794660000003
        },
        "iterations": {
            "count": 307832,
            "rate": 30499.0938618373
        },
        "vus_max": {
            "max": 5000,
            "value": 5000,
            "min": 5000
        },
        "http_req_sending": {
            "min": 0.002876,
            "med": 0.006382,
            "max": 213.587106,
            "p(90)": 0.07364890000000003,
            "p(95)": 0.2132484500000007,
            "avg": 1.106382938603178
        },
        "http_req_duration": {
            "min": 0.104176,
            "med": 70.543954,
            "max": 351.627739,
            "p(90)": 146.3257766,
            "p(95)": 168.49792490000002,
            "avg": 79.83955696678267
        },
        "http_req_receiving": {
            "med": 0.021992,
            "max": 174.912679,
            "p(90)": 1.6338861000000016,
            "p(95)": 17.96664495000001,
            "avg": 3.4592401436206233,
            "min": 0.009779
        },
        "http_req_failed": {
            "passes": 0,
            "fails": 307832,
            "value": 0
        },
        "http_reqs": {
            "count": 307832,
            "rate": 30499.0938618373
        },
        "data_sent": {
            "rate": 2226433.851914123,
            "count": 22471736
        }
    },
    "root_group": {
        "groups": {},
        "checks": {
                "status is 200": {
                    "id": "6210a8cd14cd70477eba5c5e4cb3fb5f",
                    "passes": 307832,
                    "fails": 0,
                    "name": "status is 200",
                    "path": "::status is 200"
                }
            },
        "name": "",
        "path": "",
        "id": "d41d8cd98f00b204e9800998ecf8427e"
    }
}