{
    "root_group": {
        "groups": {},
        "checks": {
                "status is 200": {
                    "path": "::status is 200",
                    "id": "6210a8cd14cd70477eba5c5e4cb3fb5f",
                    "passes": 176087,
                    "fails": 0,
                    "name": "status is 200"
                }
            },
        "name": "",
        "path": "",
        "id": "d41d8cd98f00b204e9800998ecf8427e"
    },
    "metrics": {
        "http_req_sending": {
            "p(95)": 13.36086239999998,
            "avg": 2.3480696535016317,
            "min": 0.003296,
            "med": 0.006492,
            "max": 701.616812,
            "p(90)": 0.09422099999999994
        },
        "http_reqs": {
            "count": 176087,
            "rate": 17428.52063183209
        },
        "vus_max": {
            "value": 10000,
            "min": 10000,
            "max": 10000
        },
        "iterations": {
            "count": 176087,
            "rate": 17428.52063183209
        },
        "http_req_blocked": {
            "min": 0.000882,
            "med": 0.002465,
            "max": 1367.958811,
            "p(90)": 0.003968,
            "p(95)": 176.3782554999982,
            "avg": 28.933857587222438
        },
        "http_req_failed": {
            "passes": 0,
            "fails": 176087,
            "value": 0
        },
        "vus": {
            "min": 5640,
            "max": 10000,
            "value": 10000
        },
        "http_req_receiving": {
            "p(90)": 0.14215199999999995,
            "p(95)": 0.5084772999999995,
            "avg": 1.8445726320056508,
            "min": 0.011832,
            "med": 0.022693,
            "max": 666.339303
        },
        "latency": {
            "min": 0.113935,
            "med": 124.621427,
            "max": 1417.515383,
            "p(90)": 274.51002139999997,
            "p(95)": 329.1400400999998,
            "avg": 152.59000388170335
        },
        "http_req_tls_handshaking": {
            "p(95)": 0,
            "avg": 0,
            "min": 0,
            "med": 0,
            "max": 0,
            "p(90)": 0
        },
        "iteration_duration": {
            "p(95)": 1353.3703649999998,
            "avg": 409.8504123977908,
            "min": 16.503128,
            "med": 302.141424,
            "max": 2426.874008,
            "p(90)": 592.5018561999999
        },
        "http_req_connecting": {
            "avg": 28.34718311853236,
            "min": 0,
            "med": 0,
            "max": 1276.821733,
            "p(90)": 0,
            "p(95)": 171.90380809997464
        },
        "data_received": {
            "count": 4444611967,
            "rate": 439913289.26807374
        },
        "http_req_waiting": {
            "avg": 148.39736159620156,
            "min": 0.061386,
            "med": 122.100673,
            "max": 1371.617174,
            "p(90)": 269.154566,
            "p(95)": 316.68743999999975
        },
        "checks": {
            "passes": 176087,
            "fails": 0,
            "value": 1
        },
        "data_sent": {
            "count": 12854351,
            "rate": 1272282.0061237426
        },
        "http_req_duration": {
            "p(95)": 329.1400400999998,
            "avg": 152.59000388170307,
            "min": 0.113935,
            "med": 124.621427,
            "max": 1417.515383,
            "p(90)": 274.51002139999997
        },
        "http_req_duration{expected_response:true}": {
            "min": 0.113935,
            "med": 124.621427,
            "max": 1417.515383,
            "p(90)": 274.51002139999997,
            "p(95)": 329.1400400999998,
            "avg": 152.59000388170307
        }
    }
}