{
    "root_group": {
        "name": "",
        "path": "",
        "id": "d41d8cd98f00b204e9800998ecf8427e",
        "groups": {},
        "checks": {
                "status is 200": {
                    "name": "status is 200",
                    "path": "::status is 200",
                    "id": "6210a8cd14cd70477eba5c5e4cb3fb5f",
                    "passes": 279007,
                    "fails": 1004
                }
            }
    },
    "metrics": {
        "iterations": {
            "count": 280011,
            "rate": 6993.645649680548
        },
        "http_req_sending": {
            "avg": 0.08045260265489139,
            "min": 0,
            "med": 0.005661,
            "max": 161.093425,
            "p(90)": 0.010189,
            "p(95)": 0.013055
        },
        "http_req_duration{expected_response:true}": {
            "avg": 64.62522735049659,
            "min": 0.094037,
            "med": 1.709906,
            "max": 32815.399772,
            "p(90)": 10.662226399999998,
            "p(95)": 21.744361600000058
        },
        "http_req_blocked": {
            "p(90)": 0.003166,
            "p(95)": 0.00512,
            "avg": 9.04132532526204,
            "min": 0,
            "med": 0.001954,
            "max": 19477.948856
        },
        "http_reqs": {
            "count": 280011,
            "rate": 6993.645649680548
        },
        "checks": {
            "passes": 279007,
            "fails": 1004,
            "value": 0.9964144265760988
        },
        "http_req_waiting": {
            "avg": 64.15679487935412,
            "min": 0,
            "med": 1.572096,
            "max": 32814.829827,
            "p(90)": 10.189483,
            "p(95)": 20.9834555
        },
        "data_sent": {
            "count": 23132118,
            "rate": 577755.2896800379
        },
        "vus_max": {
            "value": 5000,
            "min": 5000,
            "max": 5000
        },
        "vus": {
            "value": 3102,
            "min": 3102,
            "max": 5000
        },
        "latency": {
            "avg": 64.39350885279508,
            "min": 0,
            "med": 1.699175,
            "max": 32815.399772,
            "p(90)": 10.623761,
            "p(95)": 21.6544065
        },
        "http_req_tls_handshaking": {
            "max": 0,
            "p(90)": 0,
            "p(95)": 0,
            "avg": 0,
            "min": 0,
            "med": 0
        },
        "http_req_receiving": {
            "med": 0.023554,
            "max": 82.271577,
            "p(90)": 0.119446,
            "p(95)": 0.296344,
            "avg": 0.15626137078543254,
            "min": 0
        },
        "data_received": {
            "count": 7039397435,
            "rate": 175818275.88080522
        },
        "http_req_duration": {
            "avg": 64.39350885279508,
            "min": 0,
            "med": 1.699175,
            "max": 32815.399772,
            "p(90)": 10.623761,
            "p(95)": 21.6544065
        },
        "http_req_connecting": {
            "p(95)": 0,
            "avg": 8.84601410191029,
            "min": 0,
            "med": 0,
            "max": 19477.91892,
            "p(90)": 0
        },
        "iteration_duration": {
            "avg": 182.07793300817843,
            "min": 0.133221,
            "med": 2.027795,
            "max": 39816.01486,
            "p(90)": 15.397658,
            "p(95)": 28.7482285
        },
        "http_req_failed": {
            "passes": 1004,
            "fails": 279007,
            "value": 0.003585573423901204
        }
    }
}