{
    "root_group": {
        "path": "",
        "id": "d41d8cd98f00b204e9800998ecf8427e",
        "groups": {},
        "checks": {
                "status is 200": {
                    "path": "::status is 200",
                    "id": "6210a8cd14cd70477eba5c5e4cb3fb5f",
                    "passes": 218000,
                    "fails": 0,
                    "name": "status is 200"
                }
            },
        "name": ""
    },
    "metrics": {
        "latency": {
            "avg": 34.68392662814665,
            "min": 0.112482,
            "med": 25.3355505,
            "max": 2112.130553,
            "p(90)": 59.354654200000006,
            "p(95)": 76.90200959999999
        },
        "http_req_duration{expected_response:true}": {
            "med": 25.3355505,
            "max": 2112.130553,
            "p(90)": 59.354654200000006,
            "p(95)": 76.90200959999999,
            "avg": 34.68392662814665,
            "min": 0.112482
        },
        "http_req_connecting": {
            "med": 0,
            "max": 2057.400254,
            "p(90)": 3.884885200000001,
            "p(95)": 9.150207849999957,
            "avg": 8.983019282834892,
            "min": 0
        },
        "http_req_duration": {
            "avg": 34.68392662814665,
            "min": 0.112482,
            "med": 25.3355505,
            "max": 2112.130553,
            "p(90)": 59.354654200000006,
            "p(95)": 76.90200959999999
        },
        "iteration_duration": {
            "p(95)": 92.44272164999997,
            "avg": 46.22558792050838,
            "min": 0.156235,
            "med": 29.4823035,
            "max": 2292.326174,
            "p(90)": 68.91460020000001
        },
        "http_reqs": {
            "count": 218000,
            "rate": 18986.25932440877
        },
        "http_req_receiving": {
            "avg": 2.2511213332798157,
            "min": 0.010661,
            "med": 0.03719,
            "max": 137.966504,
            "p(90)": 6.569077100000006,
            "p(95)": 12.818040649999984
        },
        "http_req_tls_handshaking": {
            "med": 0,
            "max": 0,
            "p(90)": 0,
            "p(95)": 0,
            "avg": 0,
            "min": 0
        },
        "http_req_sending": {
            "avg": 7.566628310880447,
            "min": 0.002545,
            "med": 0.087004,
            "max": 2086.26632,
            "p(90)": 7.73543,
            "p(95)": 16.011018649999983
        },
        "vus_max": {
            "value": 1000,
            "min": 1000,
            "max": 1000
        },
        "checks": {
            "passes": 218000,
            "fails": 0,
            "value": 1
        },
        "http_req_failed": {
            "passes": 0,
            "fails": 218000,
            "value": 0
        },
        "data_sent": {
            "rate": 1778786.0570721317,
            "count": 20424000
        },
        "iterations": {
            "count": 218000,
            "rate": 18986.25932440877
        },
        "http_req_blocked": {
            "max": 2085.902184,
            "p(90)": 6.537857300000009,
            "p(95)": 14.824918549999998,
            "avg": 14.630011162972249,
            "min": 0.000861,
            "med": 0.098486
        },
        "data_received": {
            "count": 5500140000,
            "rate": 479023322.7548332
        },
        "vus": {
            "min": 3,
            "max": 1000,
            "value": 3
        },
        "http_req_waiting": {
            "p(95)": 58.66457269999998,
            "avg": 24.866176983986158,
            "min": 0.086053,
            "med": 19.6457165,
            "max": 625.508814,
            "p(90)": 47.592986100000005
        }
    }
}