{
    "metrics": {
        "http_req_failed": {
            "passes": 0,
            "fails": 353388,
            "value": 0
        },
        "http_req_receiving": {
            "avg": 0.2021556461226775,
            "min": 0.008857,
            "med": 0.022973,
            "max": 78.48873,
            "p(90)": 0.1293569999999999,
            "p(95)": 0.3258704999999996
        },
        "checks": {
            "passes": 353388,
            "fails": 0,
            "value": 1
        },
        "iterations": {
            "count": 353388,
            "rate": 8834.360598000801
        },
        "http_req_duration": {
            "p(90)": 8.149696999999998,
            "p(95)": 16.10099764999997,
            "avg": 56.23304050213085,
            "min": 0.096011,
            "med": 1.584298,
            "max": 39930.49797
        },
        "http_req_duration{expected_response:true}": {
            "avg": 56.23304050213085,
            "min": 0.096011,
            "med": 1.584298,
            "max": 39930.49797,
            "p(90)": 8.149696999999998,
            "p(95)": 16.10099764999997
        },
        "latency": {
            "p(95)": 16.10099764999997,
            "avg": 56.23304050213085,
            "min": 0.096011,
            "med": 1.584298,
            "max": 39930.49797,
            "p(90)": 8.149696999999998
        },
        "vus_max": {
            "value": 1000,
            "min": 1000,
            "max": 1000
        },
        "http_req_tls_handshaking": {
            "avg": 0,
            "min": 0,
            "med": 0,
            "max": 0,
            "p(90)": 0,
            "p(95)": 0
        },
        "http_req_sending": {
            "avg": 0.03966112576544687,
            "min": 0.002474,
            "med": 0.00564,
            "max": 37.848983,
            "p(90)": 0.010149,
            "p(95)": 0.017093
        },
        "http_req_connecting": {
            "avg": 1.486900089026792,
            "min": 0,
            "med": 0,
            "max": 7205.499234,
            "p(90)": 0,
            "p(95)": 0
        },
        "vus": {
            "value": 96,
            "min": 96,
            "max": 1000
        },
        "http_req_waiting": {
            "avg": 55.99122373024245,
            "min": 0.072166,
            "med": 1.4697025,
            "max": 39930.25395,
            "p(90)": 7.478078999999998,
            "p(95)": 14.842399649999983
        },
        "data_sent": {
            "count": 28984950,
            "rate": 724595.9121844074
        },
        "http_req_blocked": {
            "avg": 1.50035498868953,
            "min": 0.000821,
            "med": 0.001953,
            "max": 7205.532136,
            "p(90)": 0.002956,
            "p(95)": 0.004819
        },
        "data_received": {
            "count": 8916044239,
            "rate": 222892542.8001337
        },
        "http_reqs": {
            "rate": 8834.360598000801,
            "count": 353388
        },
        "iteration_duration": {
            "med": 1.818951,
            "max": 39995.579187,
            "p(90)": 10.263388299999995,
            "p(95)": 19.105470249999925,
            "avg": 58.31728812029257,
            "min": 0.130837
        }
    },
    "root_group": {
        "checks": {
            "status is 200": {
                "name": "status is 200",
                "path": "::status is 200",
                "id": "6210a8cd14cd70477eba5c5e4cb3fb5f",
                "passes": 353388,
                "fails": 0
            }
        },
        "name": "",
        "path": "",
        "id": "d41d8cd98f00b204e9800998ecf8427e",
        "groups": {}
    }
}