{
    "root_group": {
        "name": "",
        "path": "",
        "id": "d41d8cd98f00b204e9800998ecf8427e",
        "groups": {},
        "checks": {
                "status is 200": {
                    "name": "status is 200",
                    "path": "::status is 200",
                    "id": "6210a8cd14cd70477eba5c5e4cb3fb5f",
                    "passes": 182071,
                    "fails": 1030
                }
            }
    },
    "metrics": {
        "http_reqs": {
            "count": 183101,
            "rate": 4576.378760475566
        },
        "iterations": {
            "count": 183101,
            "rate": 4576.378760475566
        },
        "vus": {
            "value": 1045,
            "min": 1045,
            "max": 5000
        },
        "http_req_connecting": {
            "min": 0,
            "med": 0,
            "max": 19689.176648,
            "p(90)": 10.677544,
            "p(95)": 1021.182273,
            "avg": 174.75912634597788
        },
        "data_received": {
            "count": 4593701790,
            "rate": 114813787.49277496
        },
        "http_req_sending": {
            "med": 0.013375,
            "max": 19696.454839,
            "p(90)": 7.101386,
            "p(95)": 15.514128,
            "avg": 56.53526458833609,
            "min": 0
        },
        "checks": {
            "passes": 182071,
            "fails": 1030,
            "value": 0.9943746893790859
        },
        "http_req_duration": {
            "p(90)": 194.816151,
            "p(95)": 486.715079,
            "avg": 289.6409562480231,
            "min": 0,
            "med": 33.356978,
            "max": 33823.653107
        },
        "iteration_duration": {
            "p(90)": 481.545406,
            "p(95)": 1830.27642,
            "avg": 583.2065989560547,
            "min": 0.150975,
            "med": 38.583698,
            "max": 35051.682087
        },
        "http_req_blocked": {
            "avg": 230.1262270342975,
            "min": 0,
            "med": 0.004849,
            "max": 19689.468048,
            "p(90)": 30.254285,
            "p(95)": 1048.719051
        },
        "http_req_duration{expected_response:true}": {
            "max": 33823.653107,
            "p(90)": 188.199499,
            "p(95)": 471.8155555,
            "avg": 236.72725650895737,
            "min": 0.107844,
            "med": 33.495299
        },
        "vus_max": {
            "value": 5000,
            "min": 5000,
            "max": 5000
        },
        "http_req_failed": {
            "passes": 1030,
            "fails": 182071,
            "value": 0.00562531062091414
        },
        "http_req_receiving": {
            "avg": 1.3377088302357512,
            "min": 0,
            "med": 0.036699,
            "max": 243.894397,
            "p(90)": 2.905071,
            "p(95)": 6.890168
        },
        "data_sent": {
            "count": 16885680,
            "rate": 422036.29312885815
        },
        "http_req_waiting": {
            "avg": 231.76798282945018,
            "min": 0,
            "med": 28.919226,
            "max": 30971.454969,
            "p(90)": 129.04345,
            "p(95)": 314.21657
        },
        "latency": {
            "avg": 289.6409562480231,
            "min": 0,
            "med": 33.356978,
            "max": 33823.653107,
            "p(90)": 194.816151,
            "p(95)": 486.715079
        },
        "http_req_tls_handshaking": {
            "p(90)": 0,
            "p(95)": 0,
            "avg": 0,
            "min": 0,
            "med": 0,
            "max": 0
        }
    }
}