{
    "root_group": {
        "groups": {},
        "checks": {
                "status is 200": {
                    "name": "status is 200",
                    "path": "::status is 200",
                    "id": "6210a8cd14cd70477eba5c5e4cb3fb5f",
                    "passes": 305717,
                    "fails": 0
                }
            },
        "name": "",
        "path": "",
        "id": "d41d8cd98f00b204e9800998ecf8427e"
    },
    "metrics": {
        "http_req_receiving": {
            "avg": 0.19254197405116685,
            "min": 0.009688,
            "med": 0.022703,
            "max": 35.852116,
            "p(90)": 0.112543,
            "p(95)": 0.3446240000000002
        },
        "iterations": {
            "count": 305717,
            "rate": 30558.375182461077
        },
        "http_req_connecting": {
            "min": 0,
            "med": 0,
            "max": 28.7776,
            "p(90)": 0,
            "p(95)": 0,
            "avg": 0.005781294681028535
        },
        "vus": {
            "value": 100,
            "min": 100,
            "max": 100
        },
        "http_req_blocked": {
            "p(95)": 0.003316,
            "avg": 0.014259201519705882,
            "min": 0.000811,
            "med": 0.001874,
            "max": 36.010615,
            "p(90)": 0.002665
        },
        "data_sent": {
            "count": 25068794,
            "rate": 2505786.7649618085
        },
        "vus_max": {
            "value": 100,
            "min": 100,
            "max": 100
        },
        "checks": {
            "passes": 305717,
            "fails": 0,
            "value": 1
        },
        "http_req_sending": {
            "med": 0.00528,
            "max": 44.510551,
            "p(90)": 0.009077,
            "p(95)": 0.012814,
            "avg": 0.033718063784481174,
            "min": 0.002234
        },
        "http_req_failed": {
            "passes": 0,
            "fails": 305717,
            "value": 0
        },
        "latency": {
            "max": 419.226481,
            "p(90)": 3.423418400000006,
            "p(95)": 6.156659000000001,
            "avg": 3.0739395673874714,
            "min": 0.091242,
            "med": 0.530902
        },
        "http_req_duration": {
            "avg": 3.073939567387472,
            "min": 0.091242,
            "med": 0.530902,
            "max": 419.226481,
            "p(90)": 3.423418400000006,
            "p(95)": 6.156659000000001
        },
        "http_req_tls_handshaking": {
            "avg": 0,
            "min": 0,
            "med": 0,
            "max": 0,
            "p(90)": 0,
            "p(95)": 0
        },
        "iteration_duration": {
            "avg": 3.2537769490771162,
            "min": 0.12199,
            "med": 0.619258,
            "max": 419.388526,
            "p(90)": 3.8655670000000018,
            "p(95)": 7.0256742000000045
        },
        "http_req_waiting": {
            "med": 0.452614,
            "max": 419.193238,
            "p(90)": 2.9611540000000005,
            "p(95)": 5.0953821999999995,
            "avg": 2.847679529551848,
            "min": 0.06874
        },
        "data_received": {
            "count": 7713296416,
            "rate": 770993453.9906527
        },
        "http_req_duration{expected_response:true}": {
            "p(95)": 6.156659000000001,
            "avg": 3.073939567387472,
            "min": 0.091242,
            "med": 0.530902,
            "max": 419.226481,
            "p(90)": 3.423418400000006
        },
        "http_reqs": {
            "count": 305717,
            "rate": 30558.375182461077
        }
    }
}