{
    "metrics": {
        "iterations": {
            "count": 300011,
            "rate": 29989.316822553956
        },
        "vus_max": {
            "value": 100,
            "min": 100,
            "max": 100
        },
        "http_req_sending": {
            "avg": 0.12496599577347871,
            "min": 0.002134,
            "med": 0.005501,
            "max": 28.019068,
            "p(90)": 0.068268,
            "p(95)": 0.460188
        },
        "http_req_waiting": {
            "p(95)": 11.6156975,
            "avg": 2.761589742816153,
            "min": 0.078237,
            "med": 1.304902,
            "max": 42.57579,
            "p(90)": 7.153104
        },
        "checks": {
            "passes": 300011,
            "fails": 0,
            "value": 1
        },
        "iteration_duration": {
            "avg": 3.315326964138093,
            "min": 0.142048,
            "med": 1.653399,
            "max": 46.930094,
            "p(90)": 8.707647,
            "p(95)": 13.088702
        },
        "http_reqs": {
            "count": 300011,
            "rate": 29989.316822553956
        },
        "vus": {
            "min": 100,
            "max": 100,
            "value": 100
        },
        "http_req_tls_handshaking": {
            "p(90)": 0,
            "p(95)": 0,
            "avg": 0,
            "min": 0,
            "med": 0,
            "max": 0
        },
        "data_sent": {
            "count": 25124640,
            "rate": 2511477.2092110356
        },
        "data_received": {
            "count": 7569303142,
            "rate": 756633023.627104
        },
        "latency": {
            "avg": 3.14406980691711,
            "min": 0.102934,
            "med": 1.512233,
            "max": 42.617678,
            "p(90)": 8.305288,
            "p(95)": 12.8339265
        },
        "http_req_blocked": {
            "p(90)": 0.006121,
            "p(95)": 0.1115755,
            "avg": 0.04659492293949245,
            "min": 0.000802,
            "med": 0.001934,
            "max": 22.972397
        },
        "http_req_receiving": {
            "min": 0.009398,
            "med": 0.023514,
            "max": 22.17326,
            "p(90)": 0.213974,
            "p(95)": 1.1242109999999998,
            "avg": 0.2575140683275037
        },
        "http_req_connecting": {
            "min": 0,
            "med": 0,
            "max": 14.857429,
            "p(90)": 0,
            "p(95)": 0,
            "avg": 0.013202996443463743
        },
        "http_req_duration{expected_response:true}": {
            "avg": 3.14406980691711,
            "min": 0.102934,
            "med": 1.512233,
            "max": 42.617678,
            "p(90)": 8.305288,
            "p(95)": 12.8339265
        },
        "http_req_failed": {
            "passes": 0,
            "fails": 300011,
            "value": 0
        },
        "http_req_duration": {
            "avg": 3.14406980691711,
            "min": 0.102934,
            "med": 1.512233,
            "max": 42.617678,
            "p(90)": 8.305288,
            "p(95)": 12.8339265
        }
    },
    "root_group": {
        "name": "",
        "path": "",
        "id": "d41d8cd98f00b204e9800998ecf8427e",
        "groups": {},
        "checks": {
                "status is 200": {
                    "name": "status is 200",
                    "path": "::status is 200",
                    "id": "6210a8cd14cd70477eba5c5e4cb3fb5f",
                    "passes": 300011,
                    "fails": 0
                }
            }
    }
}