{
    "root_group": {
        "path": "",
        "id": "d41d8cd98f00b204e9800998ecf8427e",
        "groups": {},
        "checks": {
                "status is 200": {
                    "name": "status is 200",
                    "path": "::status is 200",
                    "id": "6210a8cd14cd70477eba5c5e4cb3fb5f",
                    "passes": 302586,
                    "fails": 0
                }
            },
        "name": ""
    },
    "metrics": {
        "data_received": {
            "count": 7637573226,
            "rate": 758756794.6724868
        },
        "vus": {
            "value": 5000,
            "min": 5000,
            "max": 5000
        },
        "http_req_duration": {
            "avg": 66.14256153591859,
            "min": 0.088127,
            "med": 58.29506000000001,
            "max": 546.066849,
            "p(90)": 127.3527395,
            "p(95)": 173.86103075
        },
        "http_req_tls_handshaking": {
            "max": 0,
            "p(90)": 0,
            "p(95)": 0,
            "avg": 0,
            "min": 0,
            "med": 0
        },
        "iterations": {
            "count": 302586,
            "rate": 30060.488676062232
        },
        "latency": {
            "p(90)": 127.3527395,
            "p(95)": 173.86103075,
            "avg": 66.14256153591857,
            "min": 0.088127,
            "med": 58.29506000000001,
            "max": 546.066849
        },
        "data_sent": {
            "count": 22088778,
            "rate": 2194415.6733525433
        },
        "http_req_sending": {
            "p(95)": 0.11675,
            "avg": 0.6463929228649201,
            "min": 0.002905,
            "med": 0.006392,
            "max": 458.066494,
            "p(90)": 0.046468
        },
        "checks": {
            "passes": 302586,
            "fails": 0,
            "value": 1
        },
        "http_req_waiting": {
            "p(90)": 121.5400585,
            "p(95)": 156.35309225,
            "avg": 62.89115815138991,
            "min": 0.059212,
            "med": 57.377348999999995,
            "max": 411.156588
        },
        "http_req_failed": {
            "fails": 302586,
            "passes": 0,
            "value": 0
        },
        "http_req_blocked": {
            "med": 0.002365,
            "max": 439.476854,
            "p(90)": 0.003456,
            "p(95)": 0.004288,
            "avg": 0.8317942112491941,
            "min": 0.000812
        },
        "vus_max": {
            "value": 5000,
            "min": 5000,
            "max": 5000
        },
        "http_reqs": {
            "count": 302586,
            "rate": 30060.488676062232
        },
        "http_req_duration{expected_response:true}": {
            "max": 546.066849,
            "p(90)": 127.3527395,
            "p(95)": 173.86103075,
            "avg": 66.14256153591859,
            "min": 0.088127,
            "med": 58.29506000000001
        },
        "http_req_receiving": {
            "med": 0.021991,
            "max": 457.5501,
            "p(90)": 0.213168,
            "p(95)": 8.904235750000002,
            "avg": 2.6050104616605942,
            "min": 0.009898
        },
        "iteration_duration": {
            "avg": 124.06917022763481,
            "min": 0.164841,
            "med": 110.21616549999999,
            "max": 623.082061,
            "p(90)": 206.1834155,
            "p(95)": 227.2456975
        },
        "http_req_connecting": {
            "avg": 0.7157614532562647,
            "min": 0,
            "med": 0,
            "max": 214.349075,
            "p(90)": 0,
            "p(95)": 0
        }
    }
}