{
    "metrics": {
        "http_req_waiting": {
            "min": 0.047329,
            "med": 9.007883,
            "max": 98.888636,
            "p(90)": 21.883070600000014,
            "p(95)": 27.440172999999998,
            "avg": 10.84157582418814
        },
        "vus": {
            "value": 1000,
            "min": 1000,
            "max": 1000
        },
        "vus_max": {
            "value": 1000,
            "min": 1000,
            "max": 1000
        },
        "http_req_failed": {
            "passes": 0,
            "fails": 377955,
            "value": 0
        },
        "http_req_duration": {
            "min": 0.092505,
            "med": 9.727862,
            "max": 183.418424,
            "p(90)": 27.339565000000007,
            "p(95)": 38.260873000000004,
            "avg": 13.541425473860684
        },
        "http_req_duration{expected_response:true}": {
            "med": 9.727862,
            "max": 183.418424,
            "p(90)": 27.339565000000007,
            "p(95)": 38.260873000000004,
            "avg": 13.541425473860684,
            "min": 0.092505
        },
        "data_sent": {
            "count": 27590715,
            "rate": 2755159.063647742
        },
        "http_reqs": {
            "rate": 37741.90498147591,
            "count": 377955
        },
        "http_req_tls_handshaking": {
            "avg": 0,
            "min": 0,
            "med": 0,
            "max": 0,
            "p(90)": 0,
            "p(95)": 0
        },
        "http_req_blocked": {
            "med": 0.002034,
            "max": 151.029802,
            "p(90)": 0.002906,
            "p(95)": 0.003407,
            "avg": 0.08929672597266923,
            "min": 0.000802
        },
        "latency": {
            "avg": 13.541425473860677,
            "min": 0.092505,
            "med": 9.727862,
            "max": 183.418424,
            "p(90)": 27.339565000000007,
            "p(95)": 38.260873000000004
        },
        "checks": {
            "passes": 377955,
            "fails": 0,
            "value": 1
        },
        "iteration_duration": {
            "min": 0.134063,
            "med": 20.064442,
            "max": 292.331061,
            "p(90)": 47.12340820000002,
            "p(95)": 58.376248999999994,
            "avg": 24.78106847806226
        },
        "data_received": {
            "count": 9539962155,
            "rate": 952643423.6374335
        },
        "http_req_sending": {
            "med": 0.005921,
            "max": 156.216687,
            "p(90)": 0.05589140000000031,
            "p(95)": 0.15068669999999953,
            "avg": 0.7472418559008689,
            "min": 0.002365
        },
        "http_req_receiving": {
            "avg": 1.9526077937716282,
            "min": 0.010559,
            "med": 0.022963,
            "max": 171.231773,
            "p(90)": 0.9946086000000165,
            "p(95)": 9.604849599999985
        },
        "http_req_connecting": {
            "avg": 0.06905266832824003,
            "min": 0,
            "med": 0,
            "max": 88.063734,
            "p(90)": 0,
            "p(95)": 0
        },
        "iterations": {
            "rate": 37741.90498147591,
            "count": 377955
        }
    },
    "root_group": {
        "id": "d41d8cd98f00b204e9800998ecf8427e",
        "groups": {},
        "checks": {
                "status is 200": {
                    "id": "6210a8cd14cd70477eba5c5e4cb3fb5f",
                    "passes": 377955,
                    "fails": 0,
                    "name": "status is 200",
                    "path": "::status is 200"
                }
            },
        "name": "",
        "path": ""
    }
}