{
    "root_group": {
        "name": "",
        "path": "",
        "id": "d41d8cd98f00b204e9800998ecf8427e",
        "groups": {},
        "checks": {
                "status is 200": {
                    "name": "status is 200",
                    "path": "::status is 200",
                    "id": "6210a8cd14cd70477eba5c5e4cb3fb5f",
                    "passes": 380561,
                    "fails": 0
                }
            }
    },
    "metrics": {
        "http_req_blocked": {
            "avg": 0.009172185210782143,
            "min": 0.000772,
            "med": 0.001823,
            "max": 29.051456,
            "p(90)": 0.002565,
            "p(95)": 0.003066
        },
        "iteration_duration": {
            "p(95)": 9.188735,
            "avg": 2.6050843614085153,
            "min": 0.115047,
            "med": 1.414418,
            "max": 50.236282,
            "p(90)": 6.393762
        },
        "http_req_tls_handshaking": {
            "med": 0,
            "max": 0,
            "p(90)": 0,
            "p(95)": 0,
            "avg": 0,
            "min": 0
        },
        "vus": {
            "value": 100,
            "min": 100,
            "max": 100
        },
        "http_req_sending": {
            "avg": 0.05190424628377266,
            "min": 0.002194,
            "med": 0.00524,
            "max": 28.495097,
            "p(90)": 0.009327,
            "p(95)": 0.024666
        },
        "http_req_duration": {
            "min": 0.081244,
            "med": 1.243797,
            "max": 41.212088,
            "p(90)": 5.588162,
            "p(95)": 8.158191,
            "avg": 2.313273901182699
        },
        "http_req_failed": {
            "passes": 0,
            "fails": 380561,
            "value": 0
        },
        "data_sent": {
            "count": 27780953,
            "rate": 2776178.1110958243
        },
        "iterations": {
            "count": 380561,
            "rate": 38029.837138298964
        },
        "vus_max": {
            "value": 100,
            "min": 100,
            "max": 100
        },
        "http_req_connecting": {
            "p(95)": 0,
            "avg": 0.0010506139856685263,
            "min": 0,
            "med": 0,
            "max": 15.599379,
            "p(90)": 0
        },
        "data_received": {
            "count": 9605738681,
            "rate": 959910967.3127007
        },
        "http_req_receiving": {
            "p(90)": 0.240814,
            "p(95)": 2.737735,
            "avg": 0.4156311556176089,
            "min": 0.011592,
            "med": 0.024036,
            "max": 35.969999
        },
        "checks": {
            "passes": 380561,
            "fails": 0,
            "value": 1
        },
        "http_reqs": {
            "count": 380561,
            "rate": 38029.837138298964
        },
        "http_req_waiting": {
            "avg": 1.8457384992813242,
            "min": 0.04745,
            "med": 1.048007,
            "max": 27.973232,
            "p(90)": 4.540015,
            "p(95)": 6.37177
        },
        "latency": {
            "avg": 2.3132739011826993,
            "min": 0.081244,
            "med": 1.243797,
            "max": 41.212088,
            "p(90)": 5.588162,
            "p(95)": 8.158191
        },
        "http_req_duration{expected_response:true}": {
            "avg": 2.313273901182699,
            "min": 0.081244,
            "med": 1.243797,
            "max": 41.212088,
            "p(90)": 5.588162,
            "p(95)": 8.158191
        }
    }
}