{
    "metrics": {
        "iteration_duration": {
            "p(95)": 1227.0896463499973,
            "avg": 479.33534618372414,
            "min": 0.156194,
            "med": 36.5700995,
            "max": 34996.121458,
            "p(90)": 243.11314940000008
        },
        "latency": {
            "avg": 274.8384405132856,
            "min": 0,
            "med": 31.5216145,
            "max": 33938.483957,
            "p(90)": 93.10493450000003,
            "p(95)": 303.99858009999843
        },
        "http_req_receiving": {
            "avg": 1.3905580850522727,
            "min": 0,
            "med": 0.035617,
            "max": 219.092172,
            "p(90)": 3.3299673000000003,
            "p(95)": 8.101371749999918
        },
        "http_req_sending": {
            "p(95)": 14.152622499999998,
            "avg": 31.091559432696968,
            "min": 0,
            "med": 0.013145,
            "max": 19559.876909,
            "p(90)": 6.692934700000001
        },
        "checks": {
            "passes": 202004,
            "fails": 930,
            "value": 0.9954172292469473
        },
        "data_sent": {
            "count": 18798320,
            "rate": 469732.2662489329
        },
        "iterations": {
            "count": 202934,
            "rate": 5070.913130479796
        },
        "vus": {
            "value": 1719,
            "min": 1719,
            "max": 5000
        },
        "http_reqs": {
            "count": 202934,
            "rate": 5070.913130479796
        },
        "http_req_connecting": {
            "avg": 107.56987214532342,
            "min": 0,
            "med": 0,
            "max": 19548.700969,
            "p(90)": 7.9552950000000004,
            "p(95)": 175.92537889999934
        },
        "http_req_tls_handshaking": {
            "p(90)": 0,
            "p(95)": 0,
            "avg": 0,
            "min": 0,
            "med": 0,
            "max": 0
        },
        "vus_max": {
            "value": 5000,
            "min": 5000,
            "max": 5000
        },
        "http_req_failed": {
            "fails": 202004,
            "passes": 930,
            "value": 0.0045827707530527164
        },
        "data_received": {
            "count": 5096635302,
            "rate": 127354681.1977227
        },
        "http_req_duration{expected_response:true}": {
            "avg": 232.13077997837237,
            "min": 0.110969,
            "med": 31.619659,
            "max": 33938.483957,
            "p(90)": 91.81020430000005,
            "p(95)": 286.00324794999904
        },
        "http_req_blocked": {
            "avg": 136.78027934893532,
            "min": 0,
            "med": 0.00507,
            "max": 19559.073145,
            "p(90)": 13.849793700000061,
            "p(95)": 1025.3108237999998
        },
        "http_req_waiting": {
            "min": 0,
            "med": 27.063581499999998,
            "max": 33922.144782,
            "p(90)": 75.78172670000001,
            "p(95)": 246.03922989999995,
            "avg": 242.3563229955359
        },
        "http_req_duration": {
            "avg": 274.83844051328566,
            "min": 0,
            "med": 31.5216145,
            "max": 33938.483957,
            "p(90)": 93.10493450000003,
            "p(95)": 303.99858009999843
        }
    },
    "root_group": {
        "name": "",
        "path": "",
        "id": "d41d8cd98f00b204e9800998ecf8427e",
        "groups": {},
        "checks": {
                "status is 200": {
                    "name": "status is 200",
                    "path": "::status is 200",
                    "id": "6210a8cd14cd70477eba5c5e4cb3fb5f",
                    "passes": 202004,
                    "fails": 930
                }
            }
    }
}