{
    "metrics": {
        "http_req_blocked": {
            "p(90)": 0.004749,
            "p(95)": 0.104116,
            "avg": 0.042465744384449874,
            "min": 0.000802,
            "med": 0.001914,
            "max": 34.231592
        },
        "http_req_waiting": {
            "avg": 2.7254459712306973,
            "min": 0.0797,
            "med": 1.338164,
            "max": 43.105389,
            "p(90)": 6.997591900000003,
            "p(95)": 10.9718075
        },
        "http_req_tls_handshaking": {
            "p(95)": 0,
            "avg": 0,
            "min": 0,
            "med": 0,
            "max": 0,
            "p(90)": 0
        },
        "iteration_duration": {
            "med": 1.680474,
            "max": 95.387385,
            "p(90)": 8.5565291,
            "p(95)": 12.538580450000003,
            "avg": 3.3061407163897956,
            "min": 0.143771
        },
        "iterations": {
            "count": 300772,
            "rate": 30067.83178970355
        },
        "vus": {
            "max": 100,
            "value": 100,
            "min": 100
        },
        "latency": {
            "min": 0.108695,
            "med": 1.536919,
            "max": 73.034029,
            "p(90)": 8.1482519,
            "p(95)": 12.2195085,
            "avg": 3.124119414566559
        },
        "data_sent": {
            "count": 24934880,
            "rate": 2492711.3479194976
        },
        "http_req_duration{expected_response:true}": {
            "max": 73.034029,
            "p(90)": 8.1482519,
            "p(95)": 12.2195085,
            "avg": 3.124119414566559,
            "min": 0.108695,
            "med": 1.536919
        },
        "http_req_failed": {
            "passes": 0,
            "fails": 300772,
            "value": 0
        },
        "data_received": {
            "count": 7588512710,
            "rate": 758614909.9593959
        },
        "checks": {
            "passes": 300772,
            "fails": 0,
            "value": 1
        },
        "http_reqs": {
            "count": 300772,
            "rate": 30067.83178970355
        },
        "http_req_receiving": {
            "med": 0.023505,
            "max": 44.331267,
            "p(90)": 0.2232989000000005,
            "p(95)": 1.3225789500000058,
            "avg": 0.2847886474239693,
            "min": 0.009748
        },
        "http_req_connecting": {
            "avg": 0.013615107789288892,
            "min": 0,
            "med": 0,
            "max": 22.558362,
            "p(90)": 0,
            "p(95)": 0
        },
        "http_req_sending": {
            "med": 0.00547,
            "max": 41.417641,
            "p(90)": 0.04247,
            "p(95)": 0.29931245000000023,
            "avg": 0.1138847959118515,
            "min": 0.002314
        },
        "vus_max": {
            "value": 100,
            "min": 100,
            "max": 100
        },
        "http_req_duration": {
            "med": 1.536919,
            "max": 73.034029,
            "p(90)": 8.1482519,
            "p(95)": 12.2195085,
            "avg": 3.124119414566559,
            "min": 0.108695
        }
    },
    "root_group": {
        "name": "",
        "path": "",
        "id": "d41d8cd98f00b204e9800998ecf8427e",
        "groups": {},
        "checks": {
                "status is 200": {
                    "id": "6210a8cd14cd70477eba5c5e4cb3fb5f",
                    "passes": 300772,
                    "fails": 0,
                    "name": "status is 200",
                    "path": "::status is 200"
                }
            }
    }
}