{
    "root_group": {
        "id": "d41d8cd98f00b204e9800998ecf8427e",
        "groups": {},
        "checks": {
                "status is 200": {
                    "name": "status is 200",
                    "path": "::status is 200",
                    "id": "6210a8cd14cd70477eba5c5e4cb3fb5f",
                    "passes": 321051,
                    "fails": 0
                }
            },
        "name": "",
        "path": ""
    },
    "metrics": {
        "data_received": {
            "count": 8100565771,
            "rate": 202263706.95070174
        },
        "vus_max": {
            "value": 5000,
            "min": 5000,
            "max": 5000
        },
        "http_req_receiving": {
            "p(95)": 0.22293,
            "avg": 0.1250559056321128,
            "min": 0.01054,
            "med": 0.023514,
            "max": 200.213609,
            "p(90)": 0.097002
        },
        "latency": {
            "avg": 58.01478617571702,
            "min": 0.094447,
            "med": 1.862787,
            "max": 39883.046455,
            "p(90)": 8.692486,
            "p(95)": 14.671748
        },
        "http_req_duration": {
            "p(90)": 8.692504,
            "p(95)": 14.672017550000001,
            "avg": 58.13881550008448,
            "min": 0.094447,
            "med": 1.862787,
            "max": 39883.046455
        },
        "http_req_connecting": {
            "avg": 5.958688999869177,
            "min": 0,
            "med": 0,
            "max": 19705.384662,
            "p(90)": 0,
            "p(95)": 0
        },
        "http_req_waiting": {
            "min": 0.071465,
            "med": 1.7566069999999998,
            "max": 39878.410446,
            "p(90)": 8.404679900000003,
            "p(95)": 14.096745350000015,
            "avg": 57.96632803777321
        },
        "http_req_duration{expected_response:true}": {
            "med": 1.862787,
            "max": 39883.046455,
            "p(90)": 8.692504,
            "p(95)": 14.672017550000001,
            "avg": 58.13881550008448,
            "min": 0.094447
        },
        "http_req_blocked": {
            "med": 0.001994,
            "max": 19705.4259,
            "p(90)": 0.003106,
            "p(95)": 0.00508,
            "avg": 5.966166139634779,
            "min": 0.000831
        },
        "http_req_tls_handshaking": {
            "min": 0,
            "med": 0,
            "max": 0,
            "p(90)": 0,
            "p(95)": 0,
            "avg": 0
        },
        "checks": {
            "passes": 321051,
            "fails": 0,
            "value": 1
        },
        "http_req_sending": {
            "max": 159.554399,
            "p(90)": 0.010018,
            "p(95)": 0.012403,
            "avg": 0.04743155667929396,
            "min": 0.002504,
            "med": 0.005721
        },
        "iteration_duration": {
            "med": 2.215421,
            "max": 40041.683405,
            "p(90)": 11.811889,
            "p(95)": 19.9665115,
            "avg": 64.85480159709168,
            "min": 0.127129
        },
        "iterations": {
            "rate": 8016.349378052564,
            "count": 321051
        },
        "http_reqs": {
            "count": 321052,
            "rate": 8016.374347136536
        },
        "http_req_failed": {
            "passes": 0,
            "fails": 321052,
            "value": 0
        },
        "data_sent": {
            "count": 26660742,
            "rate": 665694.3057337304
        },
        "vus": {
            "max": 5000,
            "value": 4096,
            "min": 4096
        }
    }
}