{
    "root_group": {
        "name": "",
        "path": "",
        "id": "d41d8cd98f00b204e9800998ecf8427e",
        "groups": {},
        "checks": {
                "status is 200": {
                    "path": "::status is 200",
                    "id": "6210a8cd14cd70477eba5c5e4cb3fb5f",
                    "passes": 227242,
                    "fails": 627,
                    "name": "status is 200"
                }
            }
    },
    "metrics": {
        "checks": {
            "passes": 227242,
            "fails": 627,
            "value": 0.9972484190477863
        },
        "http_req_sending": {
            "med": 0.013095,
            "max": 11244.868955,
            "p(90)": 5.6926891000000035,
            "p(95)": 12.361198,
            "avg": 33.82171142926195,
            "min": 0
        },
        "http_req_failed": {
            "fails": 227243,
            "passes": 627,
            "value": 0.0027515688769912667
        },
        "http_req_duration": {
            "min": 0,
            "med": 28.8430665,
            "max": 33900.139796,
            "p(90)": 71.63666440000002,
            "p(95)": 253.44172544999995,
            "avg": 225.741293728565
        },
        "http_req_tls_handshaking": {
            "p(95)": 0,
            "avg": 0,
            "min": 0,
            "med": 0,
            "max": 0,
            "p(90)": 0
        },
        "iteration_duration": {
            "avg": 373.7678731469428,
            "min": 0.156685,
            "med": 33.025943,
            "max": 35042.258951,
            "p(90)": 128.43652640000002,
            "p(95)": 1108.1922659999998
        },
        "data_sent": {
            "count": 21757600,
            "rate": 542919.068746565
        },
        "http_reqs": {
            "count": 227870,
            "rate": 5686.0576623929
        },
        "http_req_receiving": {
            "p(95)": 7.084169949999996,
            "avg": 1.1301403011058835,
            "min": 0,
            "med": 0.037521,
            "max": 87.978861,
            "p(90)": 2.6242180000000004
        },
        "http_req_connecting": {
            "p(90)": 6.6570541000000025,
            "p(95)": 41.7888827999999,
            "avg": 85.86316870648204,
            "min": 0,
            "med": 0,
            "max": 11233.562807
        },
        "latency": {
            "avg": 225.741293728565,
            "min": 0,
            "med": 28.8430665,
            "max": 33900.139796,
            "p(90)": 71.63666440000002,
            "p(95)": 253.44172544999995
        },
        "vus_max": {
            "value": 10000,
            "min": 10000,
            "max": 10000
        },
        "data_received": {
            "count": 5734270476,
            "rate": 143087692.88758144
        },
        "http_req_blocked": {
            "p(95)": 1023.6660238,
            "avg": 118.63566785089715,
            "min": 0,
            "med": 0.0055,
            "max": 11239.182949,
            "p(90)": 12.161232500000018
        },
        "http_req_duration{expected_response:true}": {
            "max": 33900.139796,
            "p(90)": 71.29050680000002,
            "p(95)": 252.10210739999988,
            "avg": 202.5950856777112,
            "min": 0.111099,
            "med": 28.902589
        },
        "http_req_waiting": {
            "max": 33896.526091,
            "p(90)": 59.46728320000003,
            "p(95)": 234.66458134999996,
            "avg": 190.7894419981975,
            "min": 0,
            "med": 24.4399865
        },
        "vus": {
            "min": 7004,
            "max": 10000,
            "value": 7004
        },
        "iterations": {
            "count": 227869,
            "rate": 5686.032709315872
        }
    }
}