{
    "root_group": {
        "id": "d41d8cd98f00b204e9800998ecf8427e",
        "groups": {},
        "checks": {
                "status is 200": {
                    "name": "status is 200",
                    "path": "::status is 200",
                    "id": "6210a8cd14cd70477eba5c5e4cb3fb5f",
                    "passes": 309247,
                    "fails": 605
                }
            },
        "name": "",
        "path": ""
    },
    "metrics": {
        "http_req_blocked": {
            "avg": 8.059737903582933,
            "min": 0,
            "med": 0.002014,
            "max": 19644.285298,
            "p(90)": 0.003246,
            "p(95)": 0.005781
        },
        "vus_max": {
            "value": 10000,
            "min": 10000,
            "max": 10000
        },
        "http_reqs": {
            "count": 309852,
            "rate": 7729.8878672956625
        },
        "http_req_sending": {
            "avg": 0.07706000905270805,
            "min": 0,
            "med": 0.00575,
            "max": 63.444761,
            "p(90)": 0.01048,
            "p(95)": 0.012934
        },
        "http_req_duration": {
            "avg": 68.36592305942865,
            "min": 0,
            "med": 1.891972,
            "max": 39856.194909,
            "p(90)": 9.29133,
            "p(95)": 16.446581000000002
        },
        "http_req_receiving": {
            "max": 67.932992,
            "p(90)": 0.11164090000000003,
            "p(95)": 0.25014550000000013,
            "avg": 0.13829402291094023,
            "min": 0,
            "med": 0.024526
        },
        "iterations": {
            "count": 309852,
            "rate": 7729.8878672956625
        },
        "data_sent": {
            "count": 26048612,
            "rate": 649835.5662015808
        },
        "http_req_tls_handshaking": {
            "med": 0,
            "max": 0,
            "p(90)": 0,
            "p(95)": 0,
            "avg": 0,
            "min": 0
        },
        "http_req_failed": {
            "passes": 605,
            "fails": 309247,
            "value": 0.0019525450860410777
        },
        "vus": {
            "max": 10000,
            "value": 8503,
            "min": 8503
        },
        "http_req_connecting": {
            "p(90)": 0,
            "p(95)": 0,
            "avg": 8.05303664223888,
            "min": 0,
            "med": 0,
            "max": 19644.129253
        },
        "http_req_duration{expected_response:true}": {
            "avg": 68.49967175691305,
            "min": 0.094117,
            "med": 1.897833,
            "max": 39856.194909,
            "p(90)": 9.303660400000007,
            "p(95)": 16.47242740000001
        },
        "http_req_waiting": {
            "p(90)": 8.982027,
            "p(95)": 15.845366500000003,
            "avg": 68.15056902746453,
            "min": 0,
            "med": 1.773975,
            "max": 39844.76596
        },
        "checks": {
            "passes": 309247,
            "fails": 605,
            "value": 0.998047454913959
        },
        "latency": {
            "avg": 68.36592305942865,
            "min": 0,
            "med": 1.891972,
            "max": 39856.194909,
            "p(90)": 9.29133,
            "p(95)": 16.446581000000002
        },
        "iteration_duration": {
            "p(90)": 12.911655700000031,
            "p(95)": 21.9184015,
            "avg": 135.91564540589403,
            "min": 0.133141,
            "med": 2.2700940000000003,
            "max": 40058.238689
        },
        "data_received": {
            "count": 7802395218,
            "rate": 194646605.90044245
        }
    }
}