{
    "root_group": {
        "name": "",
        "path": "",
        "id": "d41d8cd98f00b204e9800998ecf8427e",
        "groups": {},
        "checks": {
                "status is 200": {
                    "name": "status is 200",
                    "path": "::status is 200",
                    "id": "6210a8cd14cd70477eba5c5e4cb3fb5f",
                    "passes": 234060,
                    "fails": 0
                }
            }
    },
    "metrics": {
        "vus_max": {
            "value": 1000,
            "min": 1000,
            "max": 1000
        },
        "latency": {
            "avg": 83.82779721851655,
            "min": 0.096532,
            "med": 2.2052415,
            "max": 39933.028041,
            "p(90)": 11.463662000000003,
            "p(95)": 18.185520999999994
        },
        "http_req_waiting": {
            "p(90)": 10.487028,
            "p(95)": 16.429477549999994,
            "avg": 83.38799879111802,
            "min": 0.072296,
            "med": 1.9565385,
            "max": 39932.062774
        },
        "data_received": {
            "count": 5905376379,
            "rate": 147627364.46465465
        },
        "iterations": {
            "count": 234060,
            "rate": 5851.2207705291585
        },
        "http_reqs": {
            "count": 234060,
            "rate": 5851.2207705291585
        },
        "http_req_receiving": {
            "avg": 0.3674137342946366,
            "min": 0.01058,
            "med": 0.023815,
            "max": 120.91694,
            "p(90)": 0.15775800000000006,
            "p(95)": 0.909353549999995
        },
        "http_req_failed": {
            "passes": 0,
            "fails": 234060,
            "value": 0
        },
        "http_req_duration": {
            "p(90)": 11.463662000000003,
            "p(95)": 18.185520999999994,
            "avg": 83.82779721851655,
            "min": 0.096532,
            "med": 2.2052415,
            "max": 39933.028041
        },
        "http_req_tls_handshaking": {
            "p(90)": 0,
            "p(95)": 0,
            "avg": 0,
            "min": 0,
            "med": 0,
            "max": 0
        },
        "data_sent": {
            "count": 19200792,
            "rate": 479996.89379223314
        },
        "vus": {
            "value": 98,
            "min": 98,
            "max": 1000
        },
        "http_req_connecting": {
            "avg": 1.148513605152524,
            "min": 0,
            "med": 0,
            "max": 7187.5558,
            "p(90)": 0,
            "p(95)": 0
        },
        "http_req_duration{expected_response:true}": {
            "p(90)": 11.463662000000003,
            "p(95)": 18.185520999999994,
            "avg": 83.82779721851655,
            "min": 0.096532,
            "med": 2.2052415,
            "max": 39933.028041
        },
        "checks": {
            "passes": 234060,
            "fails": 0,
            "value": 1
        },
        "iteration_duration": {
            "avg": 86.74141059973982,
            "min": 0.137348,
            "med": 2.799676,
            "max": 39953.32817,
            "p(90)": 17.2856199,
            "p(95)": 26.581477399999955
        },
        "http_req_blocked": {
            "p(95)": 0.00518,
            "avg": 1.168434108523461,
            "min": 0.000841,
            "med": 0.002024,
            "max": 7187.658203,
            "p(90)": 0.003236
        },
        "http_req_sending": {
            "med": 0.005791,
            "max": 56.152088,
            "p(90)": 0.01068,
            "p(95)": 0.022603449999999897,
            "avg": 0.07238469310433299,
            "min": 0.002505
        }
    }
}