{
    "root_group": {
        "groups": {},
        "checks": {
                "status is 200": {
                    "id": "6210a8cd14cd70477eba5c5e4cb3fb5f",
                    "passes": 348740,
                    "fails": 0,
                    "name": "status is 200",
                    "path": "::status is 200"
                }
            },
        "name": "",
        "path": "",
        "id": "d41d8cd98f00b204e9800998ecf8427e"
    },
    "metrics": {
        "http_req_waiting": {
            "p(95)": 4.111682999999999,
            "avg": 2.5438565031800655,
            "min": 0.069982,
            "med": 0.433867,
            "max": 462.436512,
            "p(90)": 2.551108000000005
        },
        "latency": {
            "max": 464.175767,
            "p(90)": 2.911181,
            "p(95)": 4.807809499999998,
            "avg": 2.7057747269312236,
            "min": 0.086593,
            "med": 0.5065085
        },
        "checks": {
            "passes": 348740,
            "fails": 0,
            "value": 1
        },
        "data_sent": {
            "count": 28596680,
            "rate": 2859181.8781801355
        },
        "iteration_duration": {
            "avg": 2.851522683256882,
            "min": 0.116479,
            "med": 0.589229,
            "max": 464.338673,
            "p(90)": 3.2535960000000066,
            "p(95)": 5.410771549999994
        },
        "vus": {
            "value": 100,
            "min": 100,
            "max": 100
        },
        "http_req_receiving": {
            "max": 27.944651,
            "p(90)": 0.09392800000000034,
            "p(95)": 0.2487794499999999,
            "avg": 0.1359979975110404,
            "min": 0.009097,
            "med": 0.022352
        },
        "http_req_failed": {
            "passes": 0,
            "fails": 348740,
            "value": 0
        },
        "http_req_duration": {
            "p(90)": 2.911181,
            "p(95)": 4.807809499999998,
            "avg": 2.7057747269312236,
            "min": 0.086593,
            "med": 0.5065085,
            "max": 464.175767
        },
        "http_reqs": {
            "count": 348740,
            "rate": 34868.07168512361
        },
        "iterations": {
            "rate": 34868.07168512361,
            "count": 348740
        },
        "http_req_tls_handshaking": {
            "max": 0,
            "p(90)": 0,
            "p(95)": 0,
            "avg": 0,
            "min": 0,
            "med": 0
        },
        "http_req_sending": {
            "p(95)": 0.012513,
            "avg": 0.02592022624017954,
            "min": 0.001974,
            "med": 0.00531,
            "max": 33.61164,
            "p(90)": 0.008847
        },
        "data_received": {
            "count": 8798774819,
            "rate": 879727909.4171946
        },
        "http_req_duration{expected_response:true}": {
            "avg": 2.7057747269312236,
            "min": 0.086593,
            "med": 0.5065085,
            "max": 464.175767,
            "p(90)": 2.911181,
            "p(95)": 4.807809499999998
        },
        "vus_max": {
            "value": 100,
            "min": 100,
            "max": 100
        },
        "http_req_connecting": {
            "avg": 0.0035598582124218635,
            "min": 0,
            "med": 0,
            "max": 12.245164,
            "p(90)": 0,
            "p(95)": 0
        },
        "http_req_blocked": {
            "med": 0.001854,
            "max": 13.936198,
            "p(90)": 0.002625,
            "p(95)": 0.003206,
            "avg": 0.010988336591730544,
            "min": 0.000802
        }
    }
}