{
    "root_group": {
        "checks": {
            "status is 200": {
                "path": "::status is 200",
                "id": "6210a8cd14cd70477eba5c5e4cb3fb5f",
                "passes": 193208,
                "fails": 0,
                "name": "status is 200"
            }
        },
        "name": "",
        "path": "",
        "id": "d41d8cd98f00b204e9800998ecf8427e",
        "groups": {}
    },
    "metrics": {
        "iterations": {
            "count": 193208,
            "rate": 9699.243973580998
        },
        "vus_max": {
            "max": 1000,
            "value": 1000,
            "min": 1000
        },
        "http_req_duration": {
            "med": 26.387598,
            "max": 10931.213329,
            "p(90)": 66.80399060000002,
            "p(95)": 93.73218304999995,
            "avg": 52.82575613369025,
            "min": 0.104496
        },
        "http_req_tls_handshaking": {
            "med": 0,
            "max": 0,
            "p(90)": 0,
            "p(95)": 0,
            "avg": 0,
            "min": 0
        },
        "http_req_failed": {
            "passes": 0,
            "fails": 193208,
            "value": 0
        },
        "http_reqs": {
            "count": 193208,
            "rate": 9699.243973580998
        },
        "data_sent": {
            "count": 17705760,
            "rate": 888847.6977023286
        },
        "vus": {
            "value": 93,
            "min": 93,
            "max": 1000
        },
        "http_req_waiting": {
            "max": 9870.923735,
            "p(90)": 49.769865,
            "p(95)": 68.39578815,
            "avg": 41.48974432898707,
            "min": 0.080452,
            "med": 19.7442245
        },
        "http_req_connecting": {
            "min": 0,
            "med": 0,
            "max": 2038.061024,
            "p(90)": 7.6431323000000075,
            "p(95)": 15.549936649999996,
            "avg": 8.598163348634612
        },
        "checks": {
            "passes": 193208,
            "fails": 0,
            "value": 1
        },
        "latency": {
            "p(90)": 66.80399060000002,
            "p(95)": 93.73218304999995,
            "avg": 52.82575613369024,
            "min": 0.104496,
            "med": 26.387598,
            "max": 10931.213329
        },
        "http_req_receiving": {
            "max": 157.465668,
            "p(90)": 8.97497230000001,
            "p(95)": 16.135180299999995,
            "avg": 2.8702687469566555,
            "min": 0.011491,
            "med": 0.0402705
        },
        "http_req_duration{expected_response:true}": {
            "min": 0.104496,
            "med": 26.387598,
            "max": 10931.213329,
            "p(90)": 66.80399060000002,
            "p(95)": 93.73218304999995,
            "avg": 52.82575613369025
        },
        "http_req_blocked": {
            "med": 0.097864,
            "max": 2038.076984,
            "p(90)": 11.220026000000002,
            "p(95)": 21.087961999999997,
            "avg": 14.021560144025985,
            "min": 0.000862
        },
        "iteration_duration": {
            "max": 10931.265096,
            "p(90)": 88.13022130000002,
            "p(95)": 140.30851349999998,
            "avg": 67.2437247124234,
            "min": 0.150724,
            "med": 32.1992155
        },
        "http_req_sending": {
            "med": 0.08728949999999999,
            "max": 1186.404976,
            "p(90)": 11.34734290000002,
            "p(95)": 22.68983865,
            "avg": 8.465743057746039,
            "min": 0.002725
        },
        "data_received": {
            "count": 4874637840,
            "rate": 244711925.4534486
        }
    }
}