{
    "root_group": {
        "groups": {},
        "checks": {
                "status is 200": {
                    "name": "status is 200",
                    "path": "::status is 200",
                    "id": "6210a8cd14cd70477eba5c5e4cb3fb5f",
                    "passes": 386868,
                    "fails": 0
                }
            },
        "name": "",
        "path": "",
        "id": "d41d8cd98f00b204e9800998ecf8427e"
    },
    "metrics": {
        "http_reqs": {
            "count": 386868,
            "rate": 38677.56727791509
        },
        "http_req_duration{expected_response:true}": {
            "avg": 2.261690732681446,
            "min": 0.082205,
            "med": 1.207503,
            "max": 41.156803,
            "p(90)": 5.501333,
            "p(95)": 7.890336499999996
        },
        "iteration_duration": {
            "min": 0.119044,
            "med": 1.3799025,
            "max": 44.063595,
            "p(90)": 6.302523299999998,
            "p(95)": 8.975471649999987,
            "avg": 2.5586930863059045
        },
        "http_req_tls_handshaking": {
            "p(95)": 0,
            "avg": 0,
            "min": 0,
            "med": 0,
            "max": 0,
            "p(90)": 0
        },
        "http_req_failed": {
            "passes": 0,
            "fails": 386868,
            "value": 0
        },
        "vus_max": {
            "value": 100,
            "min": 100,
            "max": 100
        },
        "http_req_sending": {
            "max": 32.342879,
            "p(90)": 0.009228,
            "p(95)": 0.023394,
            "avg": 0.05257209059937768,
            "min": 0.001873,
            "med": 0.00524
        },
        "http_req_waiting": {
            "max": 33.066763,
            "p(90)": 4.487258999999999,
            "p(95)": 6.186735649999996,
            "avg": 1.807979958331962,
            "min": 0.046447,
            "med": 1.014921
        },
        "latency": {
            "min": 0.082205,
            "med": 1.207503,
            "max": 41.156803,
            "p(90)": 5.501333,
            "p(95)": 7.890336499999996,
            "avg": 2.261690732681446
        },
        "http_req_connecting": {
            "p(90)": 0,
            "p(95)": 0,
            "avg": 0.0010229823815875176,
            "min": 0,
            "med": 0,
            "max": 22.786448
        },
        "http_req_receiving": {
            "avg": 0.40113868374999967,
            "min": 0.011051,
            "med": 0.023905,
            "max": 39.988634,
            "p(90)": 0.2205879999999999,
            "p(95)": 2.691210149999986
        },
        "data_sent": {
            "count": 28241364,
            "rate": 2823462.4112878013
        },
        "http_req_blocked": {
            "p(95)": 0.003015,
            "avg": 0.00983138194681542,
            "min": 0.000661,
            "med": 0.001823,
            "max": 41.280406,
            "p(90)": 0.002554
        },
        "iterations": {
            "count": 386868,
            "rate": 38677.56727791509
        },
        "checks": {
            "passes": 386868,
            "fails": 0,
            "value": 1
        },
        "data_received": {
            "count": 9764933653,
            "rate": 976260322.198488
        },
        "http_req_duration": {
            "avg": 2.261690732681446,
            "min": 0.082205,
            "med": 1.207503,
            "max": 41.156803,
            "p(90)": 5.501333,
            "p(95)": 7.890336499999996
        },
        "vus": {
            "max": 100,
            "value": 100,
            "min": 100
        }
    }
}