{
    "root_group": {
        "groups": {},
        "checks": {
                "status is 200": {
                    "path": "::status is 200",
                    "id": "6210a8cd14cd70477eba5c5e4cb3fb5f",
                    "passes": 200074,
                    "fails": 0,
                    "name": "status is 200"
                }
            },
        "name": "",
        "path": "",
        "id": "d41d8cd98f00b204e9800998ecf8427e"
    },
    "metrics": {
        "http_req_receiving": {
            "min": 0.01099,
            "med": 0.022402,
            "max": 358.012746,
            "p(90)": 0.40942100000000586,
            "p(95)": 22.79935484999974,
            "avg": 4.457010980272198
        },
        "latency": {
            "avg": 90.89048387457643,
            "min": 0.101721,
            "med": 72.5326095,
            "max": 461.206806,
            "p(90)": 193.62178440000008,
            "p(95)": 246.59888785
        },
        "http_req_connecting": {
            "p(90)": 0,
            "p(95)": 0,
            "avg": 4.4607832725891425,
            "min": 0,
            "med": 0,
            "max": 371.446677
        },
        "http_req_failed": {
            "passes": 0,
            "fails": 200074,
            "value": 0
        },
        "http_reqs": {
            "rate": 19898.922983389857,
            "count": 200074
        },
        "http_req_waiting": {
            "p(95)": 219.53705979999992,
            "avg": 85.00794546162066,
            "min": 0.064992,
            "med": 69.6050775,
            "max": 418.177135,
            "p(90)": 171.73654670000002
        },
        "data_sent": {
            "count": 14605402,
            "rate": 1452621.3777874594
        },
        "iteration_duration": {
            "p(90)": 381.0999153000001,
            "p(95)": 466.1711120499999,
            "avg": 193.2160520570359,
            "min": 0.345781,
            "med": 163.94181650000002,
            "max": 928.409206
        },
        "http_req_blocked": {
            "avg": 4.838627776382122,
            "min": 0.000862,
            "med": 0.002395,
            "max": 469.82526,
            "p(90)": 0.003517,
            "p(95)": 0.004699
        },
        "vus_max": {
            "value": 5000,
            "min": 5000,
            "max": 5000
        },
        "iterations": {
            "count": 200074,
            "rate": 19898.922983389857
        },
        "vus": {
            "value": 5000,
            "min": 5000,
            "max": 5000
        },
        "data_received": {
            "count": 5050067834,
            "rate": 502268715.02374333
        },
        "http_req_tls_handshaking": {
            "p(90)": 0,
            "p(95)": 0,
            "avg": 0,
            "min": 0,
            "med": 0,
            "max": 0
        },
        "http_req_sending": {
            "min": 0.003106,
            "med": 0.006372,
            "max": 431.311323,
            "p(90)": 0.05856470000000024,
            "p(95)": 0.6996758999999555,
            "avg": 1.4255274326850902
        },
        "http_req_duration": {
            "p(90)": 193.62178440000008,
            "p(95)": 246.59888785,
            "avg": 90.89048387457632,
            "min": 0.101721,
            "med": 72.5326095,
            "max": 461.206806
        },
        "checks": {
            "fails": 0,
            "passes": 200074,
            "value": 1
        },
        "http_req_duration{expected_response:true}": {
            "max": 461.206806,
            "p(90)": 193.62178440000008,
            "p(95)": 246.59888785,
            "avg": 90.89048387457632,
            "min": 0.101721,
            "med": 72.5326095
        }
    }
}