{
    "root_group": {
        "name": "",
        "path": "",
        "id": "d41d8cd98f00b204e9800998ecf8427e",
        "groups": {},
        "checks": {
                "status is 200": {
                    "name": "status is 200",
                    "path": "::status is 200",
                    "id": "6210a8cd14cd70477eba5c5e4cb3fb5f",
                    "passes": 394173,
                    "fails": 0
                }
            }
    },
    "metrics": {
        "http_req_tls_handshaking": {
            "avg": 0,
            "min": 0,
            "med": 0,
            "max": 0,
            "p(90)": 0,
            "p(95)": 0
        },
        "iterations": {
            "count": 394173,
            "rate": 39366.12900030508
        },
        "http_reqs": {
            "rate": 39366.12900030508,
            "count": 394173
        },
        "latency": {
            "min": 0.079139,
            "med": 8.866052,
            "max": 311.382132,
            "p(90)": 25.443424999999998,
            "p(95)": 35.178535399999966,
            "avg": 12.454808303131111
        },
        "http_req_sending": {
            "p(90)": 0.051748,
            "p(95)": 0.1503809999999993,
            "avg": 0.8808968684920213,
            "min": 0.002675,
            "med": 0.005821,
            "max": 290.47997
        },
        "data_sent": {
            "count": 28774629,
            "rate": 2873727.417022271
        },
        "http_req_duration": {
            "max": 311.382132,
            "p(90)": 25.443424999999998,
            "p(95)": 35.178535399999966,
            "avg": 12.454808303131111,
            "min": 0.079139,
            "med": 8.866052
        },
        "http_req_duration{expected_response:true}": {
            "min": 0.079139,
            "med": 8.866052,
            "max": 311.382132,
            "p(90)": 25.443424999999998,
            "p(95)": 35.178535399999966,
            "avg": 12.454808303131111
        },
        "vus": {
            "value": 1000,
            "min": 1000,
            "max": 1000
        },
        "http_req_waiting": {
            "avg": 10.079188595302005,
            "min": 0.053671,
            "med": 8.212681,
            "max": 99.396137,
            "p(90)": 20.623731,
            "p(95)": 25.593812399999994
        },
        "vus_max": {
            "value": 1000,
            "min": 1000,
            "max": 1000
        },
        "http_req_blocked": {
            "avg": 0.1103996218513415,
            "min": 0.000832,
            "med": 0.002024,
            "max": 204.648852,
            "p(90)": 0.002825,
            "p(95)": 0.003266
        },
        "http_req_failed": {
            "passes": 0,
            "fails": 394173,
            "value": 0
        },
        "data_received": {
            "count": 9949320693,
            "rate": 993640462.0967005
        },
        "http_req_connecting": {
            "p(95)": 0,
            "avg": 0.09332724278425952,
            "min": 0,
            "med": 0,
            "max": 173.02809,
            "p(90)": 0
        },
        "http_req_receiving": {
            "min": 0.009889,
            "med": 0.022292,
            "max": 201.803384,
            "p(90)": 0.29272299999999957,
            "p(95)": 6.629206399999979,
            "avg": 1.494722839336851
        },
        "iteration_duration": {
            "p(95)": 53.598467399999976,
            "avg": 23.30115087354527,
            "min": 0.13799,
            "med": 18.908939,
            "max": 323.563706,
            "p(90)": 43.882312999999996
        },
        "checks": {
            "fails": 0,
            "passes": 394173,
            "value": 1
        }
    }
}