{
    "root_group": {
        "name": "",
        "path": "",
        "id": "d41d8cd98f00b204e9800998ecf8427e",
        "groups": {},
        "checks": {
                "status is 200": {
                    "path": "::status is 200",
                    "id": "6210a8cd14cd70477eba5c5e4cb3fb5f",
                    "passes": 262902,
                    "fails": 0,
                    "name": "status is 200"
                }
            }
    },
    "metrics": {
        "http_req_connecting": {
            "max": 1238.864323,
            "p(90)": 0,
            "p(95)": 0,
            "avg": 19.157189448920118,
            "min": 0,
            "med": 0
        },
        "http_req_duration": {
            "avg": 138.63411225909493,
            "min": 0.109697,
            "med": 101.7490605,
            "max": 906.351391,
            "p(90)": 321.07085049999995,
            "p(95)": 382.00228245
        },
        "http_req_receiving": {
            "med": 0.022052,
            "max": 338.889968,
            "p(90)": 0.21411099999999988,
            "p(95)": 8.282356849999967,
            "avg": 3.988670450358141,
            "min": 0.010219
        },
        "iterations": {
            "rate": 26163.314134999695,
            "count": 262902
        },
        "vus": {
            "value": 10000,
            "min": 10000,
            "max": 10000
        },
        "http_reqs": {
            "count": 262902,
            "rate": 26163.314134999695
        },
        "http_req_waiting": {
            "max": 715.171391,
            "p(90)": 316.8022676,
            "p(95)": 365.84300659999985,
            "avg": 133.0474979546967,
            "min": 0.059532,
            "med": 99.1845225
        },
        "http_req_failed": {
            "passes": 0,
            "fails": 262902,
            "value": 0
        },
        "data_sent": {
            "count": 19191846,
            "rate": 1909921.9318549777
        },
        "data_received": {
            "count": 6635909382,
            "rate": 660388212.0815274
        },
        "iteration_duration": {
            "avg": 283.54416516231225,
            "min": 0.692594,
            "med": 233.244338,
            "max": 1583.898248,
            "p(90)": 420.316586,
            "p(95)": 493.8127839999998
        },
        "http_req_tls_handshaking": {
            "avg": 0,
            "min": 0,
            "med": 0,
            "max": 0,
            "p(90)": 0,
            "p(95)": 0
        },
        "checks": {
            "passes": 262902,
            "fails": 0,
            "value": 1
        },
        "vus_max": {
            "value": 10000,
            "min": 10000,
            "max": 10000
        },
        "latency": {
            "avg": 138.63411225909513,
            "min": 0.109697,
            "med": 101.7490605,
            "max": 906.351391,
            "p(90)": 321.07085049999995,
            "p(95)": 382.00228245
        },
        "http_req_blocked": {
            "med": 0.002414,
            "max": 1238.89988,
            "p(90)": 0.003687,
            "p(95)": 0.009448,
            "avg": 19.27327841679942,
            "min": 0.000871
        },
        "http_req_sending": {
            "avg": 1.5979438540376176,
            "min": 0.003125,
            "med": 0.006352,
            "max": 327.372565,
            "p(90)": 0.081633,
            "p(95)": 2.391496999999998
        },
        "http_req_duration{expected_response:true}": {
            "med": 101.7490605,
            "max": 906.351391,
            "p(90)": 321.07085049999995,
            "p(95)": 382.00228245,
            "avg": 138.63411225909493,
            "min": 0.109697
        }
    }
}