{
    "metrics": {
        "checks": {
            "passes": 327682,
            "fails": 0,
            "value": 1
        },
        "iterations": {
            "count": 327682,
            "rate": 32763.387408957868
        },
        "http_req_receiving": {
            "p(95)": 0.31199450000000034,
            "avg": 0.17215962733381848,
            "min": 0.010891,
            "med": 0.022793,
            "max": 37.984088,
            "p(90)": 0.10734010000000022
        },
        "vus_max": {
            "min": 100,
            "max": 100,
            "value": 100
        },
        "http_req_duration": {
            "avg": 2.86765535438013,
            "min": 0.092234,
            "med": 0.525487,
            "max": 409.028992,
            "p(90)": 3.2260030000000035,
            "p(95)": 5.812433
        },
        "latency": {
            "min": 0.092234,
            "med": 0.525487,
            "max": 409.028992,
            "p(90)": 3.2260030000000035,
            "p(95)": 5.812433,
            "avg": 2.86765535438013
        },
        "data_sent": {
            "count": 26869924,
            "rate": 2686597.767534545
        },
        "http_req_failed": {
            "passes": 0,
            "fails": 327682,
            "value": 0
        },
        "http_req_duration{expected_response:true}": {
            "p(90)": 3.2260030000000035,
            "p(95)": 5.812433,
            "avg": 2.86765535438013,
            "min": 0.092234,
            "med": 0.525487,
            "max": 409.028992
        },
        "http_req_blocked": {
            "avg": 0.012852547671218309,
            "min": 0.000822,
            "med": 0.001853,
            "max": 23.365463,
            "p(90)": 0.002624,
            "p(95)": 0.003226
        },
        "http_req_sending": {
            "max": 33.183141,
            "p(90)": 0.008897,
            "p(95)": 0.012464,
            "avg": 0.029801759605350045,
            "min": 0.002304,
            "med": 0.005219
        },
        "http_req_waiting": {
            "min": 0.071604,
            "med": 0.450596,
            "max": 408.625884,
            "p(90)": 2.7914820000000002,
            "p(95)": 4.8004349500000005,
            "avg": 2.6656939674409688
        },
        "data_received": {
            "count": 8267477565,
            "rate": 826626333.9364465
        },
        "http_req_connecting": {
            "avg": 0.004145923743141221,
            "min": 0,
            "med": 0,
            "max": 11.857259,
            "p(90)": 0,
            "p(95)": 0
        },
        "http_req_tls_handshaking": {
            "min": 0,
            "med": 0,
            "max": 0,
            "p(90)": 0,
            "p(95)": 0,
            "avg": 0
        },
        "vus": {
            "value": 100,
            "min": 100,
            "max": 100
        },
        "iteration_duration": {
            "avg": 3.032290900900837,
            "min": 0.125416,
            "med": 0.61252,
            "max": 415.24816,
            "p(90)": 3.6352229000000014,
            "p(95)": 6.586108450000009
        },
        "http_reqs": {
            "count": 327682,
            "rate": 32763.387408957868
        }
    },
    "root_group": {
        "checks": {
            "status is 200": {
                "name": "status is 200",
                "path": "::status is 200",
                "id": "6210a8cd14cd70477eba5c5e4cb3fb5f",
                "passes": 327682,
                "fails": 0
            }
        },
        "name": "",
        "path": "",
        "id": "d41d8cd98f00b204e9800998ecf8427e",
        "groups": {}
    }
}