{
    "metrics": {
        "vus": {
            "value": 1535,
            "min": 1535,
            "max": 5000
        },
        "http_req_waiting": {
            "avg": 269.3458277454856,
            "min": 0,
            "med": 28.6043005,
            "max": 33498.087271,
            "p(90)": 106.37973619999981,
            "p(95)": 303.1648814499993
        },
        "latency": {
            "avg": 325.54650433743836,
            "min": 0,
            "med": 32.617369,
            "max": 35562.501793,
            "p(90)": 157.80150939999993,
            "p(95)": 486.90205904999925
        },
        "http_req_duration{expected_response:true}": {
            "max": 35562.501793,
            "p(90)": 149.894342,
            "p(95)": 472.595053,
            "avg": 272.42906033158897,
            "min": 0.106591,
            "med": 32.804081
        },
        "data_received": {
            "count": 4850508632,
            "rate": 121203327.56636085
        },
        "http_req_connecting": {
            "min": 0,
            "med": 0,
            "max": 19664.275623,
            "p(90)": 11.606321899999998,
            "p(95)": 1019.8192155,
            "avg": 145.93677980239525
        },
        "http_req_failed": {
            "passes": 1261,
            "fails": 192241,
            "value": 0.006516728509266054
        },
        "http_req_sending": {
            "avg": 54.97266132752075,
            "min": 0,
            "med": 0.012714,
            "max": 19668.286079,
            "p(90)": 6.699714999999999,
            "p(95)": 15.189765499999995
        },
        "iteration_duration": {
            "avg": 615.1462598088702,
            "min": 0.148158,
            "med": 36.940412,
            "max": 37587.338285,
            "p(90)": 450.991877,
            "p(95)": 1948.15406
        },
        "http_reqs": {
            "count": 193502,
            "rate": 4835.180817125068
        },
        "http_req_receiving": {
            "max": 225.868078,
            "p(90)": 2.6282247999999946,
            "p(95)": 6.532579049999999,
            "avg": 1.2280152644313818,
            "min": 0,
            "med": 0.034686
        },
        "data_sent": {
            "count": 17882480,
            "rate": 446843.0520543596
        },
        "checks": {
            "fails": 1261,
            "passes": 192240,
            "value": 0.9934832378127245
        },
        "vus_max": {
            "min": 5000,
            "max": 5000,
            "value": 5000
        },
        "http_req_duration": {
            "med": 32.617369,
            "max": 35562.501793,
            "p(90)": 157.80150939999993,
            "p(95)": 486.90205904999925,
            "avg": 325.54650433743836,
            "min": 0
        },
        "http_req_blocked": {
            "med": 0.004118,
            "max": 19666.233742,
            "p(90)": 28.374829299999977,
            "p(95)": 1046.6579800499999,
            "avg": 199.4301217112039,
            "min": 0
        },
        "http_req_tls_handshaking": {
            "avg": 0,
            "min": 0,
            "med": 0,
            "max": 0,
            "p(90)": 0,
            "p(95)": 0
        },
        "iterations": {
            "count": 193501,
            "rate": 4835.15582936878
        }
    },
    "root_group": {
        "name": "",
        "path": "",
        "id": "d41d8cd98f00b204e9800998ecf8427e",
        "groups": {},
        "checks": {
                "status is 200": {
                    "path": "::status is 200",
                    "id": "6210a8cd14cd70477eba5c5e4cb3fb5f",
                    "passes": 192240,
                    "fails": 1261,
                    "name": "status is 200"
                }
            }
    }
}