{
    "root_group": {
        "path": "",
        "id": "d41d8cd98f00b204e9800998ecf8427e",
        "groups": {},
        "checks": {
                "status is 200": {
                    "path": "::status is 200",
                    "id": "6210a8cd14cd70477eba5c5e4cb3fb5f",
                    "passes": 203603,
                    "fails": 1604,
                    "name": "status is 200"
                }
            },
        "name": ""
    },
    "metrics": {
        "http_req_duration": {
            "avg": 367.25711671007804,
            "min": 0,
            "med": 24.641764,
            "max": 35646.519383,
            "p(90)": 99.87750699999995,
            "p(95)": 531.833113299999
        },
        "vus": {
            "value": 5801,
            "min": 5801,
            "max": 10000
        },
        "iteration_duration": {
            "med": 34.958194,
            "max": 35647.791372,
            "p(90)": 264.2946257999999,
            "p(95)": 2069.5126309999996,
            "avg": 658.3271219043421,
            "min": 0.155266
        },
        "http_req_connecting": {
            "min": 0,
            "med": 0,
            "max": 19710.131417,
            "p(90)": 4.51706119999999,
            "p(95)": 1023.8545267999998,
            "avg": 143.7319100641307
        },
        "checks": {
            "fails": 1604,
            "passes": 203603,
            "value": 0.9921835025120975
        },
        "http_req_sending": {
            "med": 0.011913,
            "max": 19719.954013,
            "p(90)": 4.9729408,
            "p(95)": 11.216290099999991,
            "avg": 46.05443741701774,
            "min": 0
        },
        "data_sent": {
            "count": 19328320,
            "rate": 482356.16040749435
        },
        "http_req_duration{expected_response:true}": {
            "avg": 278.7860448654097,
            "min": 0.106733,
            "med": 24.843429,
            "max": 35646.519383,
            "p(90)": 95.80076940000002,
            "p(95)": 496.3791249999989
        },
        "latency": {
            "max": 35646.519383,
            "p(90)": 99.87750699999995,
            "p(95)": 531.833113299999,
            "avg": 367.257116710078,
            "min": 0,
            "med": 24.641764
        },
        "http_req_blocked": {
            "p(95)": 1047.8043851999994,
            "avg": 188.3188865718349,
            "min": 0,
            "med": 0.003707,
            "max": 19719.755433,
            "p(90)": 10.974244799999976
        },
        "data_received": {
            "count": 5137586724,
            "rate": 128213243.87992114
        },
        "http_req_receiving": {
            "p(90)": 1.8895182,
            "p(95)": 5.204674799999992,
            "avg": 0.9593120212126992,
            "min": 0,
            "med": 0.03662,
            "max": 414.48549
        },
        "http_req_failed": {
            "passes": 1604,
            "fails": 203603,
            "value": 0.00781649748790246
        },
        "iterations": {
            "count": 205207,
            "rate": 5121.131097205587
        },
        "http_reqs": {
            "count": 205207,
            "rate": 5121.131097205587
        },
        "http_req_waiting": {
            "med": 21.833957,
            "max": 34782.610522,
            "p(90)": 81.40154339999997,
            "p(95)": 452.1483391,
            "avg": 320.24336727184766,
            "min": 0
        },
        "vus_max": {
            "value": 10000,
            "min": 10000,
            "max": 10000
        },
        "http_req_tls_handshaking": {
            "avg": 0,
            "min": 0,
            "med": 0,
            "max": 0,
            "p(90)": 0,
            "p(95)": 0
        }
    }
}