{
    "root_group": {
        "name": "",
        "path": "",
        "id": "d41d8cd98f00b204e9800998ecf8427e",
        "groups": {},
        "checks": {
                "status is 200": {
                    "passes": 252179,
                    "fails": 460,
                    "name": "status is 200",
                    "path": "::status is 200",
                    "id": "6210a8cd14cd70477eba5c5e4cb3fb5f"
                }
            }
    },
    "metrics": {
        "vus": {
            "max": 5000,
            "value": 3639,
            "min": 3639
        },
        "http_req_receiving": {
            "max": 162.968862,
            "p(90)": 0.112922,
            "p(95)": 0.277832,
            "avg": 0.21013564659199044,
            "min": 0,
            "med": 0.023955
        },
        "data_sent": {
            "count": 20970516,
            "rate": 523237.40402938955
        },
        "http_req_connecting": {
            "p(90)": 0,
            "p(95)": 0,
            "avg": 7.698574170032463,
            "min": 0,
            "med": 0,
            "max": 19711.938749
        },
        "http_req_waiting": {
            "med": 1.95109,
            "max": 39885.526112,
            "p(90)": 9.944629000000003,
            "p(95)": 15.146192099999988,
            "avg": 83.35640004624338,
            "min": 0
        },
        "http_req_sending": {
            "max": 119.497164,
            "p(90)": 0.010159,
            "p(95)": 0.012995,
            "avg": 0.0642210333795138,
            "min": 0,
            "med": 0.005701
        },
        "http_req_failed": {
            "passes": 460,
            "fails": 252180,
            "value": 0.0018207726409119696
        },
        "checks": {
            "passes": 252179,
            "fails": 460,
            "value": 0.9981792201520747
        },
        "iteration_duration": {
            "max": 40033.854622,
            "p(90)": 16.093593200000004,
            "p(95)": 25.781679299999965,
            "avg": 147.60252930546758,
            "min": 0.130816,
            "med": 2.712385
        },
        "http_reqs": {
            "count": 252640,
            "rate": 6303.645449353034
        },
        "vus_max": {
            "value": 5000,
            "min": 5000,
            "max": 5000
        },
        "data_received": {
            "rate": 158765715.86850473,
            "count": 6363075268
        },
        "http_req_duration": {
            "p(95)": 15.862714499999996,
            "avg": 83.63075672621477,
            "min": 0,
            "med": 2.110665,
            "max": 39890.977303,
            "p(90)": 10.395037100000005
        },
        "http_req_duration{expected_response:true}": {
            "avg": 83.78330707951027,
            "min": 0.096652,
            "med": 2.117202,
            "max": 39890.977303,
            "p(90)": 10.407121100000003,
            "p(95)": 15.878841499999993
        },
        "http_req_blocked": {
            "avg": 7.7080993050983055,
            "min": 0,
            "med": 0.001984,
            "max": 19711.967954,
            "p(90)": 0.003206,
            "p(95)": 0.00528
        },
        "latency": {
            "avg": 83.47319060797383,
            "min": 0,
            "med": 2.110655,
            "max": 39888.042429,
            "p(90)": 10.394660200000004,
            "p(95)": 15.86150729999997
        },
        "http_req_tls_handshaking": {
            "min": 0,
            "med": 0,
            "max": 0,
            "p(90)": 0,
            "p(95)": 0,
            "avg": 0
        },
        "iterations": {
            "count": 252639,
            "rate": 6303.620498254833
        }
    }
}