{
    "root_group": {
        "name": "",
        "path": "",
        "id": "d41d8cd98f00b204e9800998ecf8427e",
        "groups": {},
        "checks": {
                "status is 200": {
                    "name": "status is 200",
                    "path": "::status is 200",
                    "id": "6210a8cd14cd70477eba5c5e4cb3fb5f",
                    "passes": 220617,
                    "fails": 0
                }
            }
    },
    "metrics": {
        "http_reqs": {
            "count": 220617,
            "rate": 18706.186998900794
        },
        "http_req_receiving": {
            "avg": 2.434572354224794,
            "min": 0.01091,
            "med": 0.039173,
            "max": 160.053226,
            "p(90)": 7.398355199999991,
            "p(95)": 12.98383859999998
        },
        "http_req_connecting": {
            "max": 2033.765135,
            "p(90)": 4.057628999999999,
            "p(95)": 8.977436599999969,
            "avg": 8.68052856866417,
            "min": 0,
            "med": 0
        },
        "iteration_duration": {
            "min": 0.161063,
            "med": 28.448226,
            "max": 2078.589358,
            "p(90)": 67.11756759999999,
            "p(95)": 89.62833679999997,
            "avg": 45.80398406602902
        },
        "vus_max": {
            "value": 1000,
            "min": 1000,
            "max": 1000
        },
        "http_req_duration{expected_response:true}": {
            "avg": 34.875059504951146,
            "min": 0.109225,
            "med": 24.764636,
            "max": 1965.243405,
            "p(90)": 58.9849246,
            "p(95)": 75.67834939999997
        },
        "http_req_tls_handshaking": {
            "min": 0,
            "med": 0,
            "max": 0,
            "p(90)": 0,
            "p(95)": 0,
            "avg": 0
        },
        "http_req_failed": {
            "passes": 0,
            "fails": 220617,
            "value": 0
        },
        "vus": {
            "value": 20,
            "min": 20,
            "max": 1000
        },
        "checks": {
            "passes": 220617,
            "fails": 0,
            "value": 1
        },
        "data_received": {
            "count": 5566166910,
            "rate": 471957097.982267
        },
        "iterations": {
            "count": 220617,
            "rate": 18706.186998900794
        },
        "latency": {
            "avg": 34.87505950495115,
            "min": 0.109225,
            "med": 24.764636,
            "max": 1965.243405,
            "p(90)": 58.9849246,
            "p(95)": 75.67834939999997
        },
        "http_req_duration": {
            "avg": 34.875059504951146,
            "min": 0.109225,
            "med": 24.764636,
            "max": 1965.243405,
            "p(90)": 58.9849246,
            "p(95)": 75.67834939999997
        },
        "http_req_blocked": {
            "min": 0.000842,
            "med": 0.099066,
            "max": 2033.782017,
            "p(90)": 6.3467554,
            "p(95)": 13.338717999999954,
            "avg": 14.420937312378124
        },
        "http_req_sending": {
            "avg": 8.218897778516492,
            "min": 0.002625,
            "med": 0.100939,
            "max": 1173.244143,
            "p(90)": 8.8795364,
            "p(95)": 17.376751999999993
        },
        "http_req_waiting": {
            "min": 0.076795,
            "med": 18.95984,
            "max": 908.126256,
            "p(90)": 46.340335399999994,
            "p(95)": 57.55249499999999,
            "avg": 24.22158937221065
        },
        "data_sent": {
            "count": 20604880,
            "rate": 1747094.459492745
        }
    }
}