{
    "metrics": {
        "http_req_receiving": {
            "p(90)": 0.1089931000000002,
            "p(95)": 0.23241545000000038,
            "avg": 0.12106562176355766,
            "min": 0,
            "med": 0.024186,
            "max": 168.934386
        },
        "data_sent": {
            "count": 26171284,
            "rate": 653146.0188598288
        },
        "data_received": {
            "count": 7872700221,
            "rate": 196475755.90953216
        },
        "http_req_duration": {
            "avg": 59.68658764731455,
            "min": 0,
            "med": 1.592532,
            "max": 33760.058297,
            "p(90)": 9.132162000000001,
            "p(95)": 18.56887435000002
        },
        "checks": {
            "fails": 1970,
            "passes": 312032,
            "value": 0.9937261546104802
        },
        "http_req_blocked": {
            "p(90)": 0.003176,
            "p(95)": 0.00566,
            "avg": 6.691182452790114,
            "min": 0,
            "med": 0.001974,
            "max": 19358.06624
        },
        "http_req_sending": {
            "med": 0.00573,
            "max": 43.485644,
            "p(90)": 0.010379,
            "p(95)": 0.012854,
            "avg": 0.07468611056935602,
            "min": 0
        },
        "iterations": {
            "rate": 7836.419344730048,
            "count": 314002
        },
        "http_req_waiting": {
            "avg": 59.49083591498129,
            "min": 0,
            "med": 1.488582,
            "max": 33757.376749,
            "p(90)": 8.84904,
            "p(95)": 18.062591400000013
        },
        "iteration_duration": {
            "p(90)": 13.47873590000001,
            "p(95)": 26.46499295000001,
            "avg": 255.42540793499316,
            "min": 0.131226,
            "med": 1.8914279999999999,
            "max": 34942.14008
        },
        "vus_max": {
            "value": 10000,
            "min": 10000,
            "max": 10000
        },
        "http_req_failed": {
            "passes": 1970,
            "fails": 312032,
            "value": 0.006273845389519812
        },
        "http_req_tls_handshaking": {
            "max": 0,
            "p(90)": 0,
            "p(95)": 0,
            "avg": 0,
            "min": 0,
            "med": 0
        },
        "http_req_connecting": {
            "max": 19358.031094,
            "p(90)": 0,
            "p(95)": 0,
            "avg": 6.685178001025463,
            "min": 0,
            "med": 0
        },
        "http_req_duration{expected_response:true}": {
            "max": 33760.058297,
            "p(90)": 9.180745000000005,
            "p(95)": 18.71716140000001,
            "avg": 60.06341623433514,
            "min": 0.09584,
            "med": 1.6089324999999999
        },
        "latency": {
            "min": 0,
            "med": 1.592532,
            "max": 33760.058297,
            "p(90)": 9.132162000000001,
            "p(95)": 18.56887435000002,
            "avg": 59.68658764731455
        },
        "http_reqs": {
            "count": 314002,
            "rate": 7836.419344730048
        },
        "vus": {
            "value": 7156,
            "min": 7156,
            "max": 10000
        }
    },
    "root_group": {
        "groups": {},
        "checks": {
                "status is 200": {
                    "name": "status is 200",
                    "path": "::status is 200",
                    "id": "6210a8cd14cd70477eba5c5e4cb3fb5f",
                    "passes": 312032,
                    "fails": 1970
                }
            },
        "name": "",
        "path": "",
        "id": "d41d8cd98f00b204e9800998ecf8427e"
    }
}