{
    "metrics": {
        "iteration_duration": {
            "avg": 3.0922083702801144,
            "min": 0.139653,
            "med": 1.4835625000000001,
            "max": 40.375624,
            "p(90)": 8.358111100000013,
            "p(95)": 12.560189
        },
        "http_req_blocked": {
            "avg": 0.029300282705877388,
            "min": 0.000792,
            "med": 0.001883,
            "max": 22.543472,
            "p(90)": 0.002935,
            "p(95)": 0.07452554999999882
        },
        "http_req_duration{expected_response:true}": {
            "med": 1.356935,
            "max": 40.329788,
            "p(90)": 7.962404100000001,
            "p(95)": 12.324866,
            "avg": 2.9295066796810887,
            "min": 0.105218
        },
        "vus": {
            "value": 100,
            "min": 100,
            "max": 100
        },
        "data_sent": {
            "count": 26285280,
            "rate": 2627567.6621192265
        },
        "http_req_sending": {
            "p(95)": 0.09864554999999998,
            "avg": 0.07403363942860013,
            "min": 0.002264,
            "med": 0.00535,
            "max": 23.859425,
            "p(90)": 0.014057
        },
        "http_reqs": {
            "count": 321670,
            "rate": 32155.247723208257
        },
        "data_received": {
            "count": 8115779054,
            "rate": 811281393.814141
        },
        "http_req_receiving": {
            "max": 22.791048,
            "p(90)": 0.195026,
            "p(95)": 1.0542864499999987,
            "avg": 0.25137852950850614,
            "min": 0.011281,
            "med": 0.023444
        },
        "http_req_waiting": {
            "avg": 2.604094510743954,
            "min": 0.074861,
            "med": 1.200305,
            "max": 40.295343,
            "p(90)": 6.912780100000015,
            "p(95)": 11.281027649999983
        },
        "latency": {
            "p(95)": 12.324866,
            "avg": 2.9295066796810887,
            "min": 0.105218,
            "med": 1.356935,
            "max": 40.329788,
            "p(90)": 7.962404100000001
        },
        "vus_max": {
            "value": 100,
            "min": 100,
            "max": 100
        },
        "http_req_duration": {
            "p(95)": 12.324866,
            "avg": 2.9295066796810887,
            "min": 0.105218,
            "med": 1.356935,
            "max": 40.329788,
            "p(90)": 7.962404100000001
        },
        "http_req_connecting": {
            "min": 0,
            "med": 0,
            "max": 20.663791,
            "p(90)": 0,
            "p(95)": 0,
            "avg": 0.009647123965554756
        },
        "http_req_tls_handshaking": {
            "p(95)": 0,
            "avg": 0,
            "min": 0,
            "med": 0,
            "max": 0,
            "p(90)": 0
        },
        "http_req_failed": {
            "passes": 0,
            "fails": 321670,
            "value": 0
        },
        "checks": {
            "passes": 321670,
            "fails": 0,
            "value": 1
        },
        "iterations": {
            "count": 321670,
            "rate": 32155.247723208257
        }
    },
    "root_group": {
        "groups": {},
        "checks": {
                "status is 200": {
                    "name": "status is 200",
                    "path": "::status is 200",
                    "id": "6210a8cd14cd70477eba5c5e4cb3fb5f",
                    "passes": 321670,
                    "fails": 0
                }
            },
        "name": "",
        "path": "",
        "id": "d41d8cd98f00b204e9800998ecf8427e"
    }
}