{
    "root_group": {
        "name": "",
        "path": "",
        "id": "d41d8cd98f00b204e9800998ecf8427e",
        "groups": {},
        "checks": {
                "status is 200": {
                    "passes": 367934,
                    "fails": 0,
                    "name": "status is 200",
                    "path": "::status is 200",
                    "id": "6210a8cd14cd70477eba5c5e4cb3fb5f"
                }
            }
    },
    "metrics": {
        "http_req_sending": {
            "avg": 0.04886037877989025,
            "min": 0.002374,
            "med": 0.005691,
            "max": 38.042141,
            "p(90)": 0.010079,
            "p(95)": 0.016952
        },
        "data_sent": {
            "count": 30178542,
            "rate": 754431.0777775502
        },
        "checks": {
            "passes": 367934,
            "fails": 0,
            "value": 1
        },
        "iteration_duration": {
            "avg": 55.22803529865929,
            "min": 0.129102,
            "med": 1.9889899999999998,
            "max": 39983.026142,
            "p(90)": 9.649495300000005,
            "p(95)": 16.23507184999998
        },
        "http_req_duration{expected_response:true}": {
            "p(95)": 12.426220649999996,
            "avg": 52.150062757424166,
            "min": 0.089769,
            "med": 1.688777,
            "max": 39915.496571,
            "p(90)": 7.439165000000001
        },
        "http_req_blocked": {
            "min": 0.000812,
            "med": 0.001953,
            "max": 11200.020571,
            "p(90)": 0.002935,
            "p(95)": 0.004769,
            "avg": 2.381561169231511
        },
        "http_req_waiting": {
            "max": 39906.842027,
            "p(90)": 6.966295000000001,
            "p(95)": 11.429758349999979,
            "avg": 51.92325497952335,
            "min": 0.068449,
            "med": 1.567689
        },
        "latency": {
            "max": 39915.496571,
            "p(90)": 7.439165000000001,
            "p(95)": 12.426220649999996,
            "avg": 52.15006275742415,
            "min": 0.089769,
            "med": 1.688777
        },
        "http_req_duration": {
            "med": 1.688777,
            "max": 39915.496571,
            "p(90)": 7.439165000000001,
            "p(95)": 12.426220649999996,
            "avg": 52.150062757424166,
            "min": 0.089769
        },
        "http_req_connecting": {
            "avg": 2.371281998472548,
            "min": 0,
            "med": 0,
            "max": 11199.98818,
            "p(90)": 0,
            "p(95)": 0
        },
        "http_req_failed": {
            "passes": 0,
            "fails": 367934,
            "value": 0
        },
        "http_req_tls_handshaking": {
            "min": 0,
            "med": 0,
            "max": 0,
            "p(90)": 0,
            "p(95)": 0,
            "avg": 0
        },
        "data_received": {
            "rate": 232066072.9120897,
            "count": 9283042460
        },
        "vus_max": {
            "value": 1000,
            "min": 1000,
            "max": 1000
        },
        "http_reqs": {
            "count": 367934,
            "rate": 9197.954101659556
        },
        "http_req_receiving": {
            "avg": 0.1779473991204962,
            "min": 0.010289,
            "med": 0.023054,
            "max": 45.696258,
            "p(90)": 0.1303013000000001,
            "p(95)": 0.32829099999999906
        },
        "vus": {
            "max": 1000,
            "value": 100,
            "min": 100
        },
        "iterations": {
            "count": 367934,
            "rate": 9197.954101659556
        }
    }
}