{
    "root_group": {
        "id": "d41d8cd98f00b204e9800998ecf8427e",
        "groups": {},
        "checks": {
                "status is 200": {
                    "name": "status is 200",
                    "path": "::status is 200",
                    "id": "6210a8cd14cd70477eba5c5e4cb3fb5f",
                    "passes": 329504,
                    "fails": 0
                }
            },
        "name": "",
        "path": ""
    },
    "metrics": {
        "http_req_tls_handshaking": {
            "avg": 0,
            "min": 0,
            "med": 0,
            "max": 0,
            "p(90)": 0,
            "p(95)": 0
        },
        "data_received": {
            "count": 8317010464,
            "rate": 828418520.192853
        },
        "http_reqs": {
            "count": 329504,
            "rate": 32820.352608567526
        },
        "data_sent": {
            "count": 24053792,
            "rate": 2395885.74042543
        },
        "vus_max": {
            "value": 5000,
            "min": 5000,
            "max": 5000
        },
        "http_req_failed": {
            "passes": 0,
            "fails": 329504,
            "value": 0
        },
        "http_req_blocked": {
            "max": 499.840171,
            "p(90)": 0.003276,
            "p(95)": 0.004007,
            "avg": 1.7672530181296144,
            "min": 0.000851,
            "med": 0.002284
        },
        "http_req_sending": {
            "avg": 0.4901005620660147,
            "min": 0.003036,
            "med": 0.006242,
            "max": 189.479582,
            "p(90)": 0.0646983000000001,
            "p(95)": 0.12133414999999956
        },
        "iterations": {
            "count": 329504,
            "rate": 32820.352608567526
        },
        "http_req_connecting": {
            "p(90)": 0,
            "p(95)": 0,
            "avg": 1.7275056057134361,
            "min": 0,
            "med": 0,
            "max": 231.799389
        },
        "checks": {
            "passes": 329504,
            "fails": 0,
            "value": 1
        },
        "iteration_duration": {
            "p(90)": 219.02950850000002,
            "p(95)": 277.3233088999999,
            "avg": 129.05049974256724,
            "min": 3.1315,
            "med": 104.81473249999999,
            "max": 693.239473
        },
        "http_req_duration{expected_response:true}": {
            "med": 68.527084,
            "max": 391.536576,
            "p(90)": 150.56409100000002,
            "p(95)": 188.06837264999993,
            "avg": 81.85408071365528,
            "min": 0.096521
        },
        "latency": {
            "avg": 81.85408071365529,
            "min": 0.096521,
            "med": 68.527084,
            "max": 391.536576,
            "p(90)": 150.56409100000002,
            "p(95)": 188.06837264999993
        },
        "http_req_duration": {
            "avg": 81.85408071365528,
            "min": 0.096521,
            "med": 68.527084,
            "max": 391.536576,
            "p(90)": 150.56409100000002,
            "p(95)": 188.06837264999993
        },
        "http_req_waiting": {
            "med": 67.855143,
            "max": 334.708567,
            "p(90)": 141.5792901,
            "p(95)": 169.44904454999994,
            "avg": 78.58651669449607,
            "min": 0.050906
        },
        "http_req_receiving": {
            "avg": 2.7774634570930696,
            "min": 0.010921,
            "med": 0.022192,
            "max": 266.47309,
            "p(90)": 0.31089000000000094,
            "p(95)": 11.709251749999932
        },
        "vus": {
            "value": 5000,
            "min": 5000,
            "max": 5000
        }
    }
}