{
    "root_group": {
        "path": "",
        "id": "d41d8cd98f00b204e9800998ecf8427e",
        "groups": {},
        "checks": {
                "status is 200": {
                    "name": "status is 200",
                    "path": "::status is 200",
                    "id": "6210a8cd14cd70477eba5c5e4cb3fb5f",
                    "passes": 348942,
                    "fails": 0
                }
            },
        "name": ""
    },
    "metrics": {
        "vus_max": {
            "value": 1000,
            "min": 1000,
            "max": 1000
        },
        "http_req_duration{expected_response:true}": {
            "avg": 14.043964469152352,
            "min": 0.092564,
            "med": 10.103729000000001,
            "max": 279.23895,
            "p(90)": 28.29954480000002,
            "p(95)": 39.57965315
        },
        "http_req_connecting": {
            "avg": 0.07405068843532722,
            "min": 0,
            "med": 0,
            "max": 76.848952,
            "p(90)": 0,
            "p(95)": 0
        },
        "iterations": {
            "count": 348942,
            "rate": 34838.640318869126
        },
        "http_req_tls_handshaking": {
            "avg": 0,
            "min": 0,
            "med": 0,
            "max": 0,
            "p(90)": 0,
            "p(95)": 0
        },
        "http_req_blocked": {
            "min": 0.000812,
            "med": 0.002064,
            "max": 163.106228,
            "p(90)": 0.002905,
            "p(95)": 0.003376,
            "avg": 0.08831901855895549
        },
        "http_req_duration": {
            "min": 0.092564,
            "med": 10.103729000000001,
            "max": 279.23895,
            "p(90)": 28.29954480000002,
            "p(95)": 39.57965315,
            "avg": 14.043964469152352
        },
        "checks": {
            "passes": 348942,
            "fails": 0,
            "value": 1
        },
        "data_sent": {
            "count": 25472766,
            "rate": 2543220.7432774464
        },
        "vus": {
            "max": 1000,
            "value": 1000,
            "min": 1000
        },
        "http_reqs": {
            "count": 348942,
            "rate": 34838.640318869126
        },
        "data_received": {
            "count": 8807645022,
            "rate": 879362120.2885756
        },
        "http_req_receiving": {
            "p(95)": 10.861238950000017,
            "avg": 2.1695716216161696,
            "min": 0.010299,
            "med": 0.022542,
            "max": 256.526731,
            "p(90)": 1.4514479000000016
        },
        "http_req_sending": {
            "p(90)": 0.053029000000000236,
            "p(95)": 0.14189500000000022,
            "avg": 0.663732366857528,
            "min": 0.002524,
            "med": 0.005831,
            "max": 162.182714
        },
        "http_req_failed": {
            "fails": 348942,
            "passes": 0,
            "value": 0
        },
        "latency": {
            "avg": 14.043964469152389,
            "min": 0.092564,
            "med": 10.103729000000001,
            "max": 279.23895,
            "p(90)": 28.29954480000002,
            "p(95)": 39.57965315
        },
        "http_req_waiting": {
            "med": 9.275407000000001,
            "max": 63.248063,
            "p(90)": 22.8871609,
            "p(95)": 28.886251350000006,
            "avg": 11.210660480678936,
            "min": 0.055284
        },
        "iteration_duration": {
            "avg": 26.099041678162315,
            "min": 0.140224,
            "med": 21.579421,
            "max": 284.654217,
            "p(90)": 48.81911100000001,
            "p(95)": 58.52317450000001
        }
    }
}