{
    "metrics": {
        "http_req_failed": {
            "passes": 0,
            "fails": 302672,
            "value": 0
        },
        "http_req_receiving": {
            "p(90)": 0.34447400000000067,
            "p(95)": 3.8158219000000115,
            "avg": 0.5913277092495997,
            "min": 0.01082,
            "med": 0.023965,
            "max": 122.839401
        },
        "vus_max": {
            "value": 100,
            "min": 100,
            "max": 100
        },
        "http_reqs": {
            "count": 302672,
            "rate": 30263.931988647317
        },
        "http_req_duration{expected_response:true}": {
            "max": 140.270537,
            "p(90)": 6.508955,
            "p(95)": 10.007001600000002,
            "avg": 2.7757385678589785,
            "min": 0.077335,
            "med": 1.277974
        },
        "http_req_blocked": {
            "p(95)": 0.003066,
            "avg": 0.013249333080035506,
            "min": 0.000802,
            "med": 0.001824,
            "max": 50.092685,
            "p(90)": 0.002574
        },
        "data_sent": {
            "count": 22095056,
            "rate": 2209267.035171254
        },
        "http_req_sending": {
            "avg": 0.0772746903215318,
            "min": 0.002054,
            "med": 0.00527,
            "max": 62.734333,
            "p(90)": 0.009468,
            "p(95)": 0.0348800500000001
        },
        "vus": {
            "value": 100,
            "min": 100,
            "max": 100
        },
        "http_req_tls_handshaking": {
            "avg": 0,
            "min": 0,
            "med": 0,
            "max": 0,
            "p(90)": 0,
            "p(95)": 0
        },
        "latency": {
            "avg": 2.775738567858977,
            "min": 0.077335,
            "med": 1.277974,
            "max": 140.270537,
            "p(90)": 6.508955,
            "p(95)": 10.007001600000002
        },
        "iteration_duration": {
            "med": 1.4711210000000001,
            "max": 140.87396,
            "p(90)": 7.733205900000007,
            "p(95)": 11.88306485000002,
            "avg": 3.2706611570347515,
            "min": 0.114896
        },
        "iterations": {
            "count": 302672,
            "rate": 30263.931988647317
        },
        "data_received": {
            "count": 7639742667,
            "rate": 763891778.8393213
        },
        "http_req_connecting": {
            "max": 19.739237,
            "p(90)": 0,
            "p(95)": 0,
            "avg": 0.001850015977692023,
            "min": 0,
            "med": 0
        },
        "http_req_waiting": {
            "avg": 2.10713616828771,
            "min": 0.044243,
            "med": 1.0562375,
            "max": 47.587957,
            "p(90)": 5.172067900000003,
            "p(95)": 7.5227103500000085
        },
        "checks": {
            "fails": 0,
            "passes": 302672,
            "value": 1
        },
        "http_req_duration": {
            "avg": 2.7757385678589785,
            "min": 0.077335,
            "med": 1.277974,
            "max": 140.270537,
            "p(90)": 6.508955,
            "p(95)": 10.007001600000002
        }
    },
    "root_group": {
        "name": "",
        "path": "",
        "id": "d41d8cd98f00b204e9800998ecf8427e",
        "groups": {},
        "checks": {
                "status is 200": {
                    "id": "6210a8cd14cd70477eba5c5e4cb3fb5f",
                    "passes": 302672,
                    "fails": 0,
                    "name": "status is 200",
                    "path": "::status is 200"
                }
            }
    }
}