{
    "root_group": {
        "name": "",
        "path": "",
        "id": "d41d8cd98f00b204e9800998ecf8427e",
        "groups": {},
        "checks": {
                "status is 200": {
                    "id": "6210a8cd14cd70477eba5c5e4cb3fb5f",
                    "passes": 159052,
                    "fails": 0,
                    "name": "status is 200",
                    "path": "::status is 200"
                }
            }
    },
    "metrics": {
        "data_sent": {
            "count": 11610796,
            "rate": 1152920.6620181233
        },
        "iterations": {
            "rate": 15793.433726275664,
            "count": 159052
        },
        "http_req_receiving": {
            "avg": 0.894960300518052,
            "min": 0.011181,
            "med": 0.022562,
            "max": 1110.179052,
            "p(90)": 0.147006,
            "p(95)": 0.24960304999999983
        },
        "latency": {
            "min": 0.121207,
            "med": 105.5179215,
            "max": 2364.281576,
            "p(90)": 322.69886809999997,
            "p(95)": 485.0670005499989,
            "avg": 165.95265423768913
        },
        "http_req_tls_handshaking": {
            "p(95)": 0,
            "avg": 0,
            "min": 0,
            "med": 0,
            "max": 0,
            "p(90)": 0
        },
        "vus": {
            "value": 7657,
            "min": 1444,
            "max": 10000
        },
        "iteration_duration": {
            "med": 270.157442,
            "max": 3734.244445,
            "p(90)": 627.4756071999998,
            "p(95)": 1951.2229176499998,
            "avg": 460.7045150599406,
            "min": 20.090918
        },
        "vus_max": {
            "min": 10000,
            "max": 10000,
            "value": 10000
        },
        "http_req_duration{expected_response:true}": {
            "p(90)": 322.69886809999997,
            "p(95)": 485.0670005499989,
            "avg": 165.95265423768925,
            "min": 0.121207,
            "med": 105.5179215,
            "max": 2364.281576
        },
        "checks": {
            "passes": 159052,
            "fails": 0,
            "value": 1
        },
        "http_reqs": {
            "count": 159052,
            "rate": 15793.433726275664
        },
        "data_received": {
            "count": 4014631532,
            "rate": 398642060.684924
        },
        "http_req_failed": {
            "passes": 0,
            "fails": 159052,
            "value": 0
        },
        "http_req_waiting": {
            "p(95)": 453.65894509999896,
            "avg": 161.3647203125638,
            "min": 0.061655,
            "med": 103.5370365,
            "max": 1921.523652,
            "p(90)": 316.15456409999973
        },
        "http_req_blocked": {
            "min": 0.000792,
            "med": 0.002474,
            "max": 2346.463336,
            "p(90)": 0.004007,
            "p(95)": 261.7941676499994,
            "avg": 53.498061677958646
        },
        "http_req_connecting": {
            "med": 0,
            "max": 2346.354902,
            "p(90)": 0,
            "p(95)": 256.4613212499997,
            "avg": 52.50432403391955,
            "min": 0
        },
        "http_req_sending": {
            "med": 0.006422,
            "max": 1202.956069,
            "p(90)": 0.10104,
            "p(95)": 18.50173224999987,
            "avg": 3.692973624606499,
            "min": 0.003346
        },
        "http_req_duration": {
            "avg": 165.95265423768925,
            "min": 0.121207,
            "med": 105.5179215,
            "max": 2364.281576,
            "p(90)": 322.69886809999997,
            "p(95)": 485.0670005499989
        }
    }
}