{
    "metrics": {
        "http_req_waiting": {
            "max": 34950.406776,
            "p(90)": 8.766922999999998,
            "p(95)": 16.02379025,
            "avg": 62.466908512770566,
            "min": 0.070513,
            "med": 1.662401
        },
        "data_sent": {
            "count": 25941930,
            "rate": 648517.3739743346
        },
        "http_req_sending": {
            "avg": 0.05065652173803071,
            "min": 0.002534,
            "med": 0.005751,
            "max": 51.839322,
            "p(90)": 0.01046,
            "p(95)": 0.02140825
        },
        "vus": {
            "value": 99,
            "min": 99,
            "max": 1000
        },
        "iteration_duration": {
            "p(95)": 20.66129125,
            "avg": 63.93845112370268,
            "min": 0.133713,
            "med": 2.1117084999999998,
            "max": 34987.328286,
            "p(90)": 11.961665
        },
        "http_req_blocked": {
            "avg": 0.5088074922502027,
            "min": 0.000821,
            "med": 0.001983,
            "max": 7202.11607,
            "p(90)": 0.003046,
            "p(95)": 0.004966750000000001
        },
        "http_req_failed": {
            "passes": 0,
            "fails": 316266,
            "value": 0
        },
        "checks": {
            "passes": 316266,
            "fails": 0,
            "value": 1
        },
        "http_req_tls_handshaking": {
            "min": 0,
            "med": 0,
            "max": 0,
            "p(90)": 0,
            "p(95)": 0,
            "avg": 0
        },
        "latency": {
            "min": 0.096031,
            "med": 1.8083015,
            "max": 34958.438407,
            "p(90)": 9.411388500000001,
            "p(95)": 17.3931365,
            "avg": 62.74150576657363
        },
        "iterations": {
            "count": 316266,
            "rate": 7906.273580931214
        },
        "vus_max": {
            "value": 1000,
            "min": 1000,
            "max": 1000
        },
        "http_req_duration": {
            "avg": 62.74150576657363,
            "min": 0.096031,
            "med": 1.8083015,
            "max": 34958.438407,
            "p(90)": 9.411388500000001,
            "p(95)": 17.3931365
        },
        "http_req_connecting": {
            "med": 0,
            "max": 7202.07854,
            "p(90)": 0,
            "p(95)": 0,
            "avg": 0.49373659880922904,
            "min": 0
        },
        "http_req_receiving": {
            "med": 0.023334,
            "max": 54.093484,
            "p(90)": 0.134063,
            "p(95)": 0.3969315,
            "avg": 0.22394073206415205,
            "min": 0.009167
        },
        "data_received": {
            "count": 7979449187,
            "rate": 199476732.55285475
        },
        "http_req_duration{expected_response:true}": {
            "p(90)": 9.411388500000001,
            "p(95)": 17.3931365,
            "avg": 62.74150576657363,
            "min": 0.096031,
            "med": 1.8083015,
            "max": 34958.438407
        },
        "http_reqs": {
            "count": 316266,
            "rate": 7906.273580931214
        }
    },
    "root_group": {
        "groups": {},
        "checks": {
                "status is 200": {
                    "fails": 0,
                    "name": "status is 200",
                    "path": "::status is 200",
                    "id": "6210a8cd14cd70477eba5c5e4cb3fb5f",
                    "passes": 316266
                }
            },
        "name": "",
        "path": "",
        "id": "d41d8cd98f00b204e9800998ecf8427e"
    }
}