{
    "metrics": {
        "latency": {
            "p(95)": 20.266997099999994,
            "avg": 53.299189790230656,
            "min": 0,
            "med": 1.370224,
            "max": 32871.810444,
            "p(90)": 9.402319000000002
        },
        "iterations": {
            "count": 346299,
            "rate": 8652.312154522007
        },
        "data_received": {
            "count": 8696213520,
            "rate": 217275689.32458544
        },
        "http_req_connecting": {
            "p(95)": 0,
            "avg": 6.136350745667762,
            "min": 0,
            "med": 0,
            "max": 11239.165361,
            "p(90)": 0
        },
        "http_req_tls_handshaking": {
            "avg": 0,
            "min": 0,
            "med": 0,
            "max": 0,
            "p(90)": 0,
            "p(95)": 0
        },
        "http_reqs": {
            "count": 346299,
            "rate": 8652.312154522007
        },
        "http_req_blocked": {
            "p(90)": 0.003116,
            "p(95)": 0.00522,
            "avg": 6.200670640071135,
            "min": 0,
            "med": 0.001974,
            "max": 11239.726099
        },
        "http_req_sending": {
            "avg": 0.03705610111782123,
            "min": 0,
            "med": 0.005701,
            "max": 155.344056,
            "p(90)": 0.010259,
            "p(95)": 0.012714
        },
        "http_req_receiving": {
            "avg": 0.11669337240072736,
            "min": 0,
            "med": 0.023495,
            "max": 166.052367,
            "p(90)": 0.1160082,
            "p(95)": 0.231927
        },
        "http_req_failed": {
            "passes": 1624,
            "fails": 344675,
            "value": 0.004689589054545349
        },
        "http_req_waiting": {
            "p(95)": 19.91421509999998,
            "avg": 53.14544031671232,
            "min": 0,
            "med": 1.278823,
            "max": 32868.713603,
            "p(90)": 9.021042000000008
        },
        "http_req_duration": {
            "min": 0,
            "med": 1.370224,
            "max": 32871.810444,
            "p(90)": 9.402319000000002,
            "p(95)": 20.266997099999994,
            "avg": 53.299189790230656
        },
        "vus": {
            "value": 2478,
            "min": 2478,
            "max": 5000
        },
        "vus_max": {
            "value": 5000,
            "min": 5000,
            "max": 5000
        },
        "data_sent": {
            "count": 28466218,
            "rate": 711231.0575389278
        },
        "iteration_duration": {
            "min": 0.124695,
            "med": 1.602432,
            "max": 35020.235193,
            "p(90)": 12.932574200000003,
            "p(95)": 24.30191909999998,
            "avg": 201.2637330353567
        },
        "checks": {
            "passes": 344675,
            "fails": 1624,
            "value": 0.9953104109454547
        },
        "http_req_duration{expected_response:true}": {
            "p(90)": 9.448486000000011,
            "p(95)": 20.336064299999997,
            "avg": 53.550318779044275,
            "min": 0.089579,
            "med": 1.381256,
            "max": 32871.810444
        }
    },
    "root_group": {
        "name": "",
        "path": "",
        "id": "d41d8cd98f00b204e9800998ecf8427e",
        "groups": {},
        "checks": {
                "status is 200": {
                    "name": "status is 200",
                    "path": "::status is 200",
                    "id": "6210a8cd14cd70477eba5c5e4cb3fb5f",
                    "passes": 344675,
                    "fails": 1624
                }
            }
    }
}