{
    "root_group": {
        "groups": {},
        "checks": {
                "status is 200": {
                    "fails": 273,
                    "name": "status is 200",
                    "path": "::status is 200",
                    "id": "6210a8cd14cd70477eba5c5e4cb3fb5f",
                    "passes": 220142
                }
            },
        "name": "",
        "path": "",
        "id": "d41d8cd98f00b204e9800998ecf8427e"
    },
    "metrics": {
        "data_received": {
            "count": 5554235908,
            "rate": 138797782.9468321
        },
        "http_req_duration{expected_response:true}": {
            "min": 0.10046,
            "med": 31.077285500000002,
            "max": 33845.217138,
            "p(90)": 84.59644639999992,
            "p(95)": 303.34982564999586,
            "avg": 206.49331819932095
        },
        "http_req_receiving": {
            "med": 0.034565,
            "max": 149.815256,
            "p(90)": 2.2212660000000004,
            "p(95)": 5.914866299999998,
            "avg": 1.000048223392247,
            "min": 0
        },
        "latency": {
            "avg": 211.00343937813182,
            "min": 0,
            "med": 31.041518,
            "max": 33845.217138,
            "p(90)": 84.658236,
            "p(95)": 304.7397005999996
        },
        "vus_max": {
            "max": 5000,
            "value": 5000,
            "min": 5000
        },
        "http_req_duration": {
            "avg": 211.00343937813182,
            "min": 0,
            "med": 31.041518,
            "max": 33845.217138,
            "p(90)": 84.658236,
            "p(95)": 304.7397005999996
        },
        "iterations": {
            "count": 220415,
            "rate": 5508.0687667877855
        },
        "vus": {
            "min": 1392,
            "max": 5000,
            "value": 1392
        },
        "http_req_tls_handshaking": {
            "avg": 0,
            "min": 0,
            "med": 0,
            "max": 0,
            "p(90)": 0,
            "p(95)": 0
        },
        "http_req_sending": {
            "max": 19608.150041,
            "p(90)": 5.424303000000001,
            "p(95)": 14.088495299999996,
            "avg": 50.581633222747016,
            "min": 0,
            "med": 0.013636
        },
        "http_req_connecting": {
            "avg": 108.97692168104767,
            "min": 0,
            "med": 0,
            "max": 19605.271,
            "p(90)": 6.026134000000014,
            "p(95)": 67.71091849999996
        },
        "checks": {
            "passes": 220142,
            "fails": 273,
            "value": 0.9987614273075789
        },
        "data_sent": {
            "count": 20926960,
            "rate": 522955.03826789156
        },
        "http_req_blocked": {
            "avg": 158.58753403682198,
            "min": 0,
            "med": 0.005901,
            "max": 19605.410644,
            "p(90)": 13.038408000000015,
            "p(95)": 1038.9143032999998
        },
        "http_req_failed": {
            "passes": 273,
            "fails": 220142,
            "value": 0.0012385726924211147
        },
        "iteration_duration": {
            "p(95)": 1236.4615879999997,
            "avg": 355.8555760640702,
            "min": 0.146666,
            "med": 34.666816,
            "max": 35049.021063,
            "p(90)": 176.42614760000018
        },
        "http_req_waiting": {
            "avg": 159.42175793199277,
            "min": 0,
            "med": 27.642245,
            "max": 33845.056355,
            "p(90)": 68.931735,
            "p(95)": 245.567679
        },
        "http_reqs": {
            "count": 220415,
            "rate": 5508.0687667877855
        }
    }
}