{
    "root_group": {
        "groups": {},
        "checks": {
                "status is 200": {
                    "name": "status is 200",
                    "path": "::status is 200",
                    "id": "6210a8cd14cd70477eba5c5e4cb3fb5f",
                    "passes": 203334,
                    "fails": 0
                }
            },
        "name": "",
        "path": "",
        "id": "d41d8cd98f00b204e9800998ecf8427e"
    },
    "metrics": {
        "iteration_duration": {
            "p(95)": 17.850580049999976,
            "avg": 4.88454233092357,
            "min": 0.14339,
            "med": 2.5871255,
            "max": 79.786762,
            "p(90)": 12.283139700000001
        },
        "checks": {
            "fails": 0,
            "passes": 203334,
            "value": 1
        },
        "http_req_failed": {
            "fails": 203334,
            "passes": 0,
            "value": 0
        },
        "http_req_blocked": {
            "min": 0.000771,
            "med": 0.001984,
            "max": 36.969851,
            "p(90)": 0.096071,
            "p(95)": 0.17857034999999905,
            "avg": 0.1004266139455262
        },
        "data_received": {
            "count": 5130132704,
            "rate": 512832970.1741284
        },
        "http_req_tls_handshaking": {
            "avg": 0,
            "min": 0,
            "med": 0,
            "max": 0,
            "p(90)": 0,
            "p(95)": 0
        },
        "latency": {
            "avg": 4.50085011551926,
            "min": 0.102062,
            "med": 2.3575375000000003,
            "max": 79.730136,
            "p(90)": 11.15658040000001,
            "p(95)": 16.655337549999956
        },
        "data_sent": {
            "count": 17181760,
            "rate": 1717572.1413110315
        },
        "vus": {
            "min": 100,
            "max": 100,
            "value": 100
        },
        "http_req_waiting": {
            "avg": 3.594880660745292,
            "min": 0.078208,
            "med": 1.968037,
            "max": 45.503951,
            "p(90)": 8.995034400000009,
            "p(95)": 13.278075
        },
        "iterations": {
            "count": 203334,
            "rate": 20326.253758714898
        },
        "http_reqs": {
            "count": 203334,
            "rate": 20326.253758714898
        },
        "http_req_receiving": {
            "med": 0.024707,
            "max": 61.373748,
            "p(90)": 0.7009560000000014,
            "p(95)": 4.499315999999998,
            "avg": 0.6437571302635389,
            "min": 0.011281
        },
        "http_req_connecting": {
            "avg": 0.03400501836387434,
            "min": 0,
            "med": 0,
            "max": 30.372466,
            "p(90)": 0,
            "p(95)": 0.07963
        },
        "http_req_duration{expected_response:true}": {
            "max": 79.730136,
            "p(90)": 11.15658040000001,
            "p(95)": 16.655337549999956,
            "avg": 4.500850115519261,
            "min": 0.102062,
            "med": 2.3575375000000003
        },
        "http_req_sending": {
            "avg": 0.2622123245104084,
            "min": 0.002535,
            "med": 0.005671,
            "max": 45.470287,
            "p(90)": 0.11451300000000011,
            "p(95)": 0.8696144999999952
        },
        "vus_max": {
            "value": 100,
            "min": 100,
            "max": 100
        },
        "http_req_duration": {
            "avg": 4.500850115519261,
            "min": 0.102062,
            "med": 2.3575375000000003,
            "max": 79.730136,
            "p(90)": 11.15658040000001,
            "p(95)": 16.655337549999956
        }
    }
}