{
    "metrics": {
        "iterations": {
            "rate": 12371.602296271889,
            "count": 186064
        },
        "http_req_connecting": {
            "p(90)": 6.036991,
            "p(95)": 13.10566805000001,
            "avg": 10.838752260920927,
            "min": 0,
            "med": 0,
            "max": 2063.01562
        },
        "checks": {
            "fails": 0,
            "passes": 186064,
            "value": 1
        },
        "vus_max": {
            "value": 1000,
            "min": 1000,
            "max": 1000
        },
        "http_req_tls_handshaking": {
            "p(90)": 0,
            "p(95)": 0,
            "avg": 0,
            "min": 0,
            "med": 0,
            "max": 0
        },
        "http_req_sending": {
            "avg": 9.249229260721869,
            "min": 0.002534,
            "med": 0.125722,
            "max": 2068.366604,
            "p(90)": 10.775196000000003,
            "p(95)": 21.189969200000007
        },
        "latency": {
            "avg": 49.143441485063384,
            "min": 0.107192,
            "med": 30.1216275,
            "max": 6068.504695,
            "p(90)": 70.87041500000001,
            "p(95)": 88.96231155000001
        },
        "iteration_duration": {
            "min": 0.160643,
            "med": 35.126003,
            "max": 6068.561613,
            "p(90)": 82.08584840000002,
            "p(95)": 105.03361995000002,
            "avg": 63.160672668797815
        },
        "data_received": {
            "count": 4694394720,
            "rate": 312135525.93493974
        },
        "vus": {
            "min": 366,
            "max": 1000,
            "value": 366
        },
        "data_sent": {
            "count": 17289120,
            "rate": 1149572.8173774628
        },
        "http_req_receiving": {
            "max": 203.054278,
            "p(90)": 9.1777497,
            "p(95)": 16.9675125,
            "avg": 3.058075933458398,
            "min": 0.012393,
            "med": 0.047424499999999994
        },
        "http_req_duration{expected_response:true}": {
            "max": 6068.504695,
            "p(90)": 70.87041500000001,
            "p(95)": 88.96231155000001,
            "avg": 49.14344148506336,
            "min": 0.107192,
            "med": 30.1216275
        },
        "http_req_waiting": {
            "med": 23.2619015,
            "max": 5216.011133,
            "p(90)": 54.942119800000015,
            "p(95)": 67.67032345000003,
            "avg": 36.83613629088396,
            "min": 0.082135
        },
        "http_req_failed": {
            "passes": 0,
            "fails": 186064,
            "value": 0
        },
        "http_req_duration": {
            "max": 6068.504695,
            "p(90)": 70.87041500000001,
            "p(95)": 88.96231155000001,
            "avg": 49.14344148506336,
            "min": 0.107192,
            "med": 30.1216275
        },
        "http_reqs": {
            "count": 186064,
            "rate": 12371.602296271889
        },
        "http_req_blocked": {
            "min": 0.000871,
            "med": 0.105328,
            "max": 2063.559997,
            "p(90)": 10.319930800000018,
            "p(95)": 20.017212250000014,
            "avg": 17.46521705211108
        }
    },
    "root_group": {
        "name": "",
        "path": "",
        "id": "d41d8cd98f00b204e9800998ecf8427e",
        "groups": {},
        "checks": {
                "status is 200": {
                    "path": "::status is 200",
                    "id": "6210a8cd14cd70477eba5c5e4cb3fb5f",
                    "passes": 186064,
                    "fails": 0,
                    "name": "status is 200"
                }
            }
    }
}