{
    "root_group": {
        "name": "",
        "path": "",
        "id": "d41d8cd98f00b204e9800998ecf8427e",
        "groups": {},
        "checks": {
                "status is 200": {
                    "name": "status is 200",
                    "path": "::status is 200",
                    "id": "6210a8cd14cd70477eba5c5e4cb3fb5f",
                    "passes": 269712,
                    "fails": 0
                }
            }
    },
    "metrics": {
        "http_req_receiving": {
            "p(95)": 0.5828109499999953,
            "avg": 0.23022706648944055,
            "min": 0.008837,
            "med": 0.023174,
            "max": 30.98944,
            "p(90)": 0.16396809999999995
        },
        "http_req_failed": {
            "fails": 269712,
            "passes": 0,
            "value": 0
        },
        "http_req_waiting": {
            "med": 0.623932,
            "max": 1034.797006,
            "p(90)": 3.3670809999999998,
            "p(95)": 6.331904999999996,
            "avg": 3.2260887642485954,
            "min": 0.071885
        },
        "http_req_connecting": {
            "med": 0,
            "max": 14.956294,
            "p(90)": 0,
            "p(95)": 0,
            "avg": 0.004920380290828742,
            "min": 0
        },
        "checks": {
            "passes": 269712,
            "fails": 0,
            "value": 1
        },
        "data_received": {
            "count": 6804883654,
            "rate": 680365087.9405842
        },
        "http_req_duration": {
            "avg": 3.494345979841425,
            "min": 0.092064,
            "med": 0.7313545,
            "max": 1034.856848,
            "p(90)": 4.0018569,
            "p(95)": 7.877795999999995
        },
        "http_req_duration{expected_response:true}": {
            "avg": 3.494345979841425,
            "min": 0.092064,
            "med": 0.7313545,
            "max": 1034.856848,
            "p(90)": 4.0018569,
            "p(95)": 7.877795999999995
        },
        "http_req_blocked": {
            "p(95)": 0.003707,
            "avg": 0.016526334983241738,
            "min": 0.000821,
            "med": 0.001934,
            "max": 23.808403,
            "p(90)": 0.002775
        },
        "vus": {
            "value": 100,
            "min": 100,
            "max": 100
        },
        "http_reqs": {
            "count": 269712,
            "rate": 26966.3138899907
        },
        "http_req_tls_handshaking": {
            "p(90)": 0,
            "p(95)": 0,
            "avg": 0,
            "min": 0,
            "med": 0,
            "max": 0
        },
        "vus_max": {
            "value": 100,
            "min": 100,
            "max": 100
        },
        "latency": {
            "avg": 3.4943459798414245,
            "min": 0.092064,
            "med": 0.7313545,
            "max": 1034.856848,
            "p(90)": 4.0018569,
            "p(95)": 7.877795999999995
        },
        "data_sent": {
            "count": 22116384,
            "rate": 2211237.738979237
        },
        "iterations": {
            "count": 269712,
            "rate": 26966.3138899907
        },
        "http_req_sending": {
            "min": 0.002275,
            "med": 0.00546,
            "max": 28.062268,
            "p(90)": 0.009648,
            "p(95)": 0.019397,
            "avg": 0.038030149103487614
        },
        "iteration_duration": {
            "max": 1047.578928,
            "p(90)": 4.549577999999999,
            "p(95)": 8.777213499999997,
            "avg": 3.687403129356488,
            "min": 0.126689,
            "med": 0.837781
        }
    }
}