{
    "root_group": {
        "name": "",
        "path": "",
        "id": "d41d8cd98f00b204e9800998ecf8427e",
        "groups": {},
        "checks": {
                "status is 200": {
                    "name": "status is 200",
                    "path": "::status is 200",
                    "id": "6210a8cd14cd70477eba5c5e4cb3fb5f",
                    "passes": 303779,
                    "fails": 0
                }
            }
    },
    "metrics": {
        "latency": {
            "min": 0.076233,
            "med": 1.318257,
            "max": 106.212392,
            "p(90)": 6.536282000000001,
            "p(95)": 10.034341999999997,
            "avg": 2.7746657517965483
        },
        "vus": {
            "value": 100,
            "min": 100,
            "max": 100
        },
        "http_req_waiting": {
            "p(90)": 5.170670000000001,
            "p(95)": 7.5130351999999805,
            "avg": 2.1003659172326032,
            "min": 0.049182,
            "med": 1.08706,
            "max": 44.323093
        },
        "data_sent": {
            "rate": 2217210.515647536,
            "count": 22175867
        },
        "iterations": {
            "count": 303779,
            "rate": 30372.74678969228
        },
        "data_received": {
            "rate": 766638369.2410997,
            "count": 7667684414
        },
        "http_req_duration": {
            "avg": 2.7746657517965483,
            "min": 0.076233,
            "med": 1.318257,
            "max": 106.212392,
            "p(90)": 6.536282000000001,
            "p(95)": 10.034341999999997
        },
        "http_req_receiving": {
            "med": 0.024416,
            "max": 83.402233,
            "p(90)": 0.3768730000000007,
            "p(95)": 3.923363199999983,
            "avg": 0.5992716135743273,
            "min": 0.011783
        },
        "iteration_duration": {
            "max": 109.781776,
            "p(90)": 7.808628200000003,
            "p(95)": 11.986401999999996,
            "avg": 3.260880229041381,
            "min": 0.113674,
            "med": 1.507173
        },
        "http_req_tls_handshaking": {
            "med": 0,
            "max": 0,
            "p(90)": 0,
            "p(95)": 0,
            "avg": 0,
            "min": 0
        },
        "http_req_failed": {
            "passes": 0,
            "fails": 303779,
            "value": 0
        },
        "checks": {
            "passes": 303779,
            "fails": 0,
            "value": 1
        },
        "vus_max": {
            "value": 100,
            "min": 100,
            "max": 100
        },
        "http_req_duration{expected_response:true}": {
            "max": 106.212392,
            "p(90)": 6.536282000000001,
            "p(95)": 10.034341999999997,
            "avg": 2.7746657517965483,
            "min": 0.076233,
            "med": 1.318257
        },
        "http_req_blocked": {
            "p(95)": 0.003186,
            "avg": 0.015465497700630947,
            "min": 0.000821,
            "med": 0.001824,
            "max": 58.71952,
            "p(90)": 0.002605
        },
        "http_req_sending": {
            "med": 0.0053,
            "max": 63.904772,
            "p(90)": 0.009588,
            "p(95)": 0.033724,
            "avg": 0.07502822098959813,
            "min": 0.002034
        },
        "http_reqs": {
            "count": 303779,
            "rate": 30372.74678969228
        },
        "http_req_connecting": {
            "med": 0,
            "max": 37.749722,
            "p(90)": 0,
            "p(95)": 0,
            "avg": 0.0022075961768259172,
            "min": 0
        }
    }
}