{
    "root_group": {
        "id": "d41d8cd98f00b204e9800998ecf8427e",
        "groups": {},
        "checks": {
                "status is 200": {
                    "id": "6210a8cd14cd70477eba5c5e4cb3fb5f",
                    "passes": 351468,
                    "fails": 0,
                    "name": "status is 200",
                    "path": "::status is 200"
                }
            },
        "name": "",
        "path": ""
    },
    "metrics": {
        "iterations": {
            "rate": 35051.87215878529,
            "count": 351468
        },
        "http_req_duration": {
            "max": 358.492281,
            "p(90)": 145.245235,
            "p(95)": 166.28650279999997,
            "avg": 81.71313687641873,
            "min": 0.101632,
            "med": 70.7351025
        },
        "http_req_tls_handshaking": {
            "p(90)": 0,
            "p(95)": 0,
            "avg": 0,
            "min": 0,
            "med": 0,
            "max": 0
        },
        "http_req_sending": {
            "min": 0.002675,
            "med": 0.006342,
            "max": 215.179001,
            "p(90)": 0.06201999999999989,
            "p(95)": 0.11136,
            "avg": 0.5251503858843468
        },
        "http_req_connecting": {
            "min": 0,
            "med": 0,
            "max": 210.893947,
            "p(90)": 0,
            "p(95)": 0,
            "avg": 1.6922113038654978
        },
        "http_req_receiving": {
            "avg": 2.656911969064198,
            "min": 0.009958,
            "med": 0.022362,
            "max": 222.968465,
            "p(90)": 0.20519999999999988,
            "p(95)": 6.771271799999962
        },
        "http_req_failed": {
            "passes": 0,
            "fails": 351468,
            "value": 0
        },
        "vus": {
            "value": 5000,
            "min": 5000,
            "max": 5000
        },
        "http_req_duration{expected_response:true}": {
            "p(95)": 166.28650279999997,
            "avg": 81.71313687641873,
            "min": 0.101632,
            "med": 70.7351025,
            "max": 358.492281,
            "p(90)": 145.245235
        },
        "vus_max": {
            "value": 5000,
            "min": 5000,
            "max": 5000
        },
        "http_req_blocked": {
            "min": 0.000801,
            "med": 0.002355,
            "max": 387.844924,
            "p(90)": 0.003427,
            "p(95)": 0.004208,
            "avg": 3.5740364261988717
        },
        "checks": {
            "passes": 351468,
            "fails": 0,
            "value": 1
        },
        "data_received": {
            "count": 8871403788,
            "rate": 884744305.1598996
        },
        "http_req_waiting": {
            "avg": 78.5310745214692,
            "min": 0.065874,
            "med": 69.96828500000001,
            "max": 214.731446,
            "p(90)": 138.40370659999996,
            "p(95)": 154.69531514999997
        },
        "iteration_duration": {
            "avg": 124.54262125721215,
            "min": 1.718071,
            "med": 108.315976,
            "max": 677.623141,
            "p(90)": 195.134043,
            "p(95)": 216.5945698
        },
        "data_sent": {
            "count": 25657164,
            "rate": 2558786.6675913264
        },
        "http_reqs": {
            "count": 351468,
            "rate": 35051.87215878529
        },
        "latency": {
            "avg": 81.71313687641866,
            "min": 0.101632,
            "med": 70.7351025,
            "max": 358.492281,
            "p(90)": 145.245235,
            "p(95)": 166.28650279999997
        }
    }
}