{
    "root_group": {
        "name": "",
        "path": "",
        "id": "d41d8cd98f00b204e9800998ecf8427e",
        "groups": {},
        "checks": {
                "status is 200": {
                    "name": "status is 200",
                    "path": "::status is 200",
                    "id": "6210a8cd14cd70477eba5c5e4cb3fb5f",
                    "passes": 327532,
                    "fails": 0
                }
            }
    },
    "metrics": {
        "http_req_failed": {
            "passes": 0,
            "fails": 327532,
            "value": 0
        },
        "iteration_duration": {
            "p(90)": 54.633126900000015,
            "p(95)": 66.78216330000004,
            "avg": 28.557477795625747,
            "min": 0.142369,
            "med": 23.369009,
            "max": 284.268985
        },
        "vus": {
            "max": 1000,
            "value": 1000,
            "min": 1000
        },
        "data_sent": {
            "count": 23909836,
            "rate": 2389882.936306836
        },
        "latency": {
            "med": 10.874419,
            "max": 245.425699,
            "p(90)": 32.4467299,
            "p(95)": 46.62717095000001,
            "avg": 15.462795961047842,
            "min": 0.086183
        },
        "checks": {
            "passes": 327532,
            "fails": 0,
            "value": 1
        },
        "http_req_blocked": {
            "max": 207.456262,
            "p(90)": 0.003036,
            "p(95)": 0.003557,
            "avg": 0.22150921782300134,
            "min": 0.000841,
            "med": 0.002124
        },
        "data_received": {
            "count": 8267235212,
            "rate": 826342947.8811076
        },
        "http_reqs": {
            "count": 327532,
            "rate": 32738.12241516214
        },
        "http_req_receiving": {
            "max": 203.785518,
            "p(90)": 1.8986519,
            "p(95)": 14.727145850000014,
            "avg": 2.4486736517623338,
            "min": 0.009668,
            "med": 0.023234
        },
        "http_req_duration{expected_response:true}": {
            "min": 0.086183,
            "med": 10.874419,
            "max": 245.425699,
            "p(90)": 32.4467299,
            "p(95)": 46.62717095000001,
            "avg": 15.462795961047838
        },
        "http_req_connecting": {
            "avg": 0.0906380889348217,
            "min": 0,
            "med": 0,
            "max": 152.294182,
            "p(90)": 0,
            "p(95)": 0
        },
        "http_req_duration": {
            "med": 10.874419,
            "max": 245.425699,
            "p(90)": 32.4467299,
            "p(95)": 46.62717095000001,
            "avg": 15.462795961047838,
            "min": 0.086183
        },
        "vus_max": {
            "value": 1000,
            "min": 1000,
            "max": 1000
        },
        "http_req_sending": {
            "max": 158.879756,
            "p(90)": 0.058289900000000026,
            "p(95)": 0.22017800000000162,
            "avg": 1.0633878223535043,
            "min": 0.002635,
            "med": 0.006022
        },
        "iterations": {
            "count": 327532,
            "rate": 32738.12241516214
        },
        "http_req_tls_handshaking": {
            "max": 0,
            "p(90)": 0,
            "p(95)": 0,
            "avg": 0,
            "min": 0,
            "med": 0
        },
        "http_req_waiting": {
            "avg": 11.950734486932575,
            "min": 0.053802,
            "med": 9.865715999999999,
            "max": 144.336451,
            "p(90)": 24.350702900000005,
            "p(95)": 31.02763045
        }
    }
}